"ID","Condition","Age","Gender","Time","beep_time","button_estimate","written_estimate","Phase","satisfaction","enjoyment","stress","difficulty","focus","perceived_speed_of_time","tired","attention_timer","lego_exp","knows_sixbricks","perceived_time","action","models_done","models_correct","productivity","estimation_effect_button","estimation_effect_written","action_sorted","action_numeric","mean_baseline_perception","mean_effect_perception","experimental_effect"
"1","1",25,"male","1",5,4.94354190000013,6,"baseline",7,5,2,1,6,4,5,5,0,"no","5","counting in your mind",20,20,0.0555555555555556,0.0564580999998725,1,"counting in your mind",1,0.443117311110756,0.470614200000758,0.0274968888900023
"1","1",25,"male","2",3,3.49536969999826,4,"baseline",7,5,2,1,6,4,5,5,0,"no","5","counting in your mind",20,20,0.0555555555555556,0.495369699998264,1,"counting in your mind",1,0.443117311110756,0.470614200000758,0.0274968888900023
"1","1",25,"male","3",9,9.12572069999806,13,"baseline",7,5,2,1,6,4,5,5,0,"no","5","counting in your mind",20,20,0.0555555555555556,0.125720699998055,4,"counting in your mind",1,0.443117311110756,0.470614200000758,0.0274968888900023
"1","1",25,"male","4",4,3.54434780000156,5,"baseline",7,5,2,1,6,4,5,5,0,"no","5","counting in your mind",20,20,0.0555555555555556,0.45565219999844,1,"counting in your mind",1,0.443117311110756,0.470614200000758,0.0274968888900023
"1","1",25,"male","5",2,2.27997440000036,4,"baseline",7,5,2,1,6,4,5,5,0,"no","5","counting in your mind",20,20,0.0555555555555556,0.279974400000356,2,"counting in your mind",1,0.443117311110756,0.470614200000758,0.0274968888900023
"1","1",25,"male","6",7,5.32737310000084,9,"baseline",7,5,2,1,6,4,5,5,0,"no","5","counting in your mind",20,20,0.0555555555555556,1.67262689999916,2,"counting in your mind",1,0.443117311110756,0.470614200000758,0.0274968888900023
"1","1",25,"male","7",3,3.57992659999945,4,"effect",7,5,2,1,6,4,5,5,0,"no","5","counting in your mind",20,20,0.0555555555555556,0.579926599999453,1,"counting in your mind",1,0.443117311110756,0.470614200000758,0.0274968888900023
"1","1",25,"male","8",6,5.42925839999953,7,"effect",7,5,2,1,6,4,5,5,0,"no","5","counting in your mind",20,20,0.0555555555555556,0.570741600000474,1,"counting in your mind",1,0.443117311110756,0.470614200000758,0.0274968888900023
"1","1",25,"male","9",5,5.26117440000235,7,"effect",7,5,2,1,6,4,5,5,0,"no","5","counting in your mind",20,20,0.0555555555555556,0.261174400002346,2,"counting in your mind",1,0.443117311110756,0.470614200000758,0.0274968888900023
"1","1",25,"male","10",2,2.07824740000069,3,"baseline",7,5,2,1,6,4,5,5,0,"no","5","counting in your mind",20,20,0.0555555555555556,0.0782474000006914,1,"counting in your mind",1,0.443117311110756,0.470614200000758,0.0274968888900023
"1","1",25,"male","11",9,8.27988510000068,10,"baseline",7,5,2,1,6,4,5,5,0,"no","5","counting in your mind",20,20,0.0555555555555556,0.720114899999317,1,"counting in your mind",1,0.443117311110756,0.470614200000758,0.0274968888900023
"1","1",25,"male","12",4,3.89610849999735,5,"baseline",7,5,2,1,6,4,5,5,0,"no","5","counting in your mind",20,20,0.0555555555555556,0.103891500002646,1,"counting in your mind",1,0.443117311110756,0.470614200000758,0.0274968888900023
"10","1",23,"male","1",5,4.8486808000016,6,"baseline",5,7,5,4,7,6,2,2,5,"no","5","counting in your mind",16,14,0.0444444444444444,0.151319199998397,1,"counting in your mind",1,0.621712522223889,0.698702066661402,0.0769895444375127
"10","1",23,"male","2",3,2.61590140000044,4,"baseline",5,7,5,4,7,6,2,2,5,"no","5","counting in your mind",16,14,0.0444444444444444,0.384098599999561,1,"counting in your mind",1,0.621712522223889,0.698702066661402,0.0769895444375127
"10","1",23,"male","3",9,10.1451112000068,10,"baseline",5,7,5,4,7,6,2,2,5,"no","5","counting in your mind",16,14,0.0444444444444444,1.1451112000068,1,"counting in your mind",1,0.621712522223889,0.698702066661402,0.0769895444375127
"10","1",23,"male","4",4,3.54755279999517,4,"baseline",5,7,5,4,7,6,2,2,5,"no","5","counting in your mind",16,14,0.0444444444444444,0.452447200004826,0,"counting in your mind",1,0.621712522223889,0.698702066661402,0.0769895444375127
"10","1",23,"male","5",2,1.46654439999838,2,"baseline",5,7,5,4,7,6,2,2,5,"no","5","counting in your mind",16,14,0.0444444444444444,0.533455600001616,0,"counting in your mind",1,0.621712522223889,0.698702066661402,0.0769895444375127
"10","1",23,"male","6",7,6.76292579999426,6,"baseline",5,7,5,4,7,6,2,2,5,"no","5","counting in your mind",16,14,0.0444444444444444,0.237074200005736,1,"counting in your mind",1,0.621712522223889,0.698702066661402,0.0769895444375127
"10","1",23,"male","7",3,3.26237729999411,4,"effect",5,7,5,4,7,6,2,2,5,"no","5","counting in your mind",16,14,0.0444444444444444,0.262377299994114,1,"counting in your mind",1,0.621712522223889,0.698702066661402,0.0769895444375127
"10","1",23,"male","8",6,4.84810260000813,6,"effect",5,7,5,4,7,6,2,2,5,"no","5","counting in your mind",16,14,0.0444444444444444,1.15189739999187,0,"counting in your mind",1,0.621712522223889,0.698702066661402,0.0769895444375127
"10","1",23,"male","9",5,5.68183149999822,5,"effect",5,7,5,4,7,6,2,2,5,"no","5","counting in your mind",16,14,0.0444444444444444,0.681831499998225,0,"counting in your mind",1,0.621712522223889,0.698702066661402,0.0769895444375127
"10","1",23,"male","10",2,1.03126530000009,2,"baseline",5,7,5,4,7,6,2,2,5,"no","5","counting in your mind",16,14,0.0444444444444444,0.968734699999914,0,"counting in your mind",1,0.621712522223889,0.698702066661402,0.0769895444375127
"10","1",23,"male","11",9,8.34565640000801,8,"baseline",5,7,5,4,7,6,2,2,5,"no","5","counting in your mind",16,14,0.0444444444444444,0.654343599991989,1,"counting in your mind",1,0.621712522223889,0.698702066661402,0.0769895444375127
"10","1",23,"male","12",4,2.93117159999383,3,"baseline",5,7,5,4,7,6,2,2,5,"no","5","counting in your mind",16,14,0.0444444444444444,1.06882840000617,1,"counting in your mind",1,0.621712522223889,0.698702066661402,0.0769895444375127
"11","2",22,"male","1",5,6.68029060000845,7,"baseline",5,7,4,4,6,4,2,2,5,"no","5","counting in your mind, reimagining the sound in your head, tapping along",18,15,0.06,1.68029060000845,2,"counting in your mind, reimagining the sound in your head, tapping along",2,0.828340422223037,0.49616096666917,0.332179455553867
"11","2",22,"male","2",3,2.63126969999576,3,"baseline",5,7,4,4,6,4,2,2,5,"no","5","counting in your mind, reimagining the sound in your head, tapping along",18,15,0.06,0.368730300004245,0,"counting in your mind, reimagining the sound in your head, tapping along",2,0.828340422223037,0.49616096666917,0.332179455553867
"11","2",22,"male","3",9,7.06372579999152,8,"baseline",5,7,4,4,6,4,2,2,5,"no","5","counting in your mind, reimagining the sound in your head, tapping along",18,15,0.06,1.93627420000848,1,"counting in your mind, reimagining the sound in your head, tapping along",2,0.828340422223037,0.49616096666917,0.332179455553867
"11","2",22,"male","4",4,4.64744779998728,5,"baseline",5,7,4,4,6,4,2,2,5,"no","5","counting in your mind, reimagining the sound in your head, tapping along",18,15,0.06,0.647447799987276,1,"counting in your mind, reimagining the sound in your head, tapping along",2,0.828340422223037,0.49616096666917,0.332179455553867
"11","2",22,"male","5",2,1.88092589999724,2,"baseline",5,7,4,4,6,4,2,2,5,"no","5","counting in your mind, reimagining the sound in your head, tapping along",18,15,0.06,0.119074100002763,0,"counting in your mind, reimagining the sound in your head, tapping along",2,0.828340422223037,0.49616096666917,0.332179455553867
"11","2",22,"male","6",7,7.29684709999128,7,"baseline",5,7,4,4,6,4,2,2,5,"no","5","counting in your mind, reimagining the sound in your head, tapping along",18,15,0.06,0.296847099991282,0,"counting in your mind, reimagining the sound in your head, tapping along",2,0.828340422223037,0.49616096666917,0.332179455553867
"11","2",22,"male","7",3,2.68215349999082,3,"effect",5,7,4,4,6,4,2,2,5,"no","5","counting in your mind, reimagining the sound in your head, tapping along",18,15,0.06,0.317846500009182,0,"counting in your mind, reimagining the sound in your head, tapping along",2,0.828340422223037,0.49616096666917,0.332179455553867
"11","2",22,"male","8",6,5.13163080000959,6,"effect",5,7,4,4,6,4,2,2,5,"no","5","counting in your mind, reimagining the sound in your head, tapping along",18,15,0.06,0.868369199990411,0,"counting in your mind, reimagining the sound in your head, tapping along",2,0.828340422223037,0.49616096666917,0.332179455553867
"11","2",22,"male","9",5,4.69773279999208,5,"effect",5,7,4,4,6,4,2,2,5,"no","5","counting in your mind, reimagining the sound in your head, tapping along",18,15,0.06,0.302267200007918,0,"counting in your mind, reimagining the sound in your head, tapping along",2,0.828340422223037,0.49616096666917,0.332179455553867
"11","2",22,"male","10",2,1.76541759999236,2,"baseline",5,7,4,4,6,4,2,2,5,"no","5","counting in your mind, reimagining the sound in your head, tapping along",18,15,0.06,0.234582400007639,0,"counting in your mind, reimagining the sound in your head, tapping along",2,0.828340422223037,0.49616096666917,0.332179455553867
"11","2",22,"male","11",9,7.89673560000665,9,"baseline",5,7,4,4,6,4,2,2,5,"no","5","counting in your mind, reimagining the sound in your head, tapping along",18,15,0.06,1.10326439999335,0,"counting in your mind, reimagining the sound in your head, tapping along",2,0.828340422223037,0.49616096666917,0.332179455553867
"11","2",22,"male","12",4,2.93144709999615,4,"baseline",5,7,4,4,6,4,2,2,5,"no","5","counting in your mind, reimagining the sound in your head, tapping along",18,15,0.06,1.06855290000385,0,"counting in your mind, reimagining the sound in your head, tapping along",2,0.828340422223037,0.49616096666917,0.332179455553867
"12","3",23,"female","1",5,4.66374699999869,7,"baseline",5,6,4,3,6,5,2,1,3,"no","5","counting in your mind",10,10,0.0833333333333333,0.336253000001307,2,"counting in your mind",1,1.07618545555548,0.728635400000106,0.347550055555378
"12","3",23,"female","2",3,2.34877759999654,4,"baseline",5,6,4,3,6,5,2,1,3,"no","5","counting in your mind",10,10,0.0833333333333333,0.651222400003462,1,"counting in your mind",1,1.07618545555548,0.728635400000106,0.347550055555378
"12","3",23,"female","3",9,6.79784240000299,10,"baseline",5,6,4,3,6,5,2,1,3,"no","5","counting in your mind",10,10,0.0833333333333333,2.20215759999701,1,"counting in your mind",1,1.07618545555548,0.728635400000106,0.347550055555378
"12","3",23,"female","4",4,3.06501970000681,5,"baseline",5,6,4,3,6,5,2,1,3,"no","5","counting in your mind",10,10,0.0833333333333333,0.934980299993185,1,"counting in your mind",1,1.07618545555548,0.728635400000106,0.347550055555378
"12","3",23,"female","5",2,1.14752940001199,3,"baseline",5,6,4,3,6,5,2,1,3,"no","5","counting in your mind",10,10,0.0833333333333333,0.85247059998801,1,"counting in your mind",1,1.07618545555548,0.728635400000106,0.347550055555378
"12","3",23,"female","6",7,5.51392469998973,8,"baseline",5,6,4,3,6,5,2,1,3,"no","5","counting in your mind",10,10,0.0833333333333333,1.48607530001027,1,"counting in your mind",1,1.07618545555548,0.728635400000106,0.347550055555378
"12","3",23,"female","7",3,3.34895849999157,5,"effect",5,6,4,3,6,5,2,1,3,"no","5","counting in your mind",10,10,0.0833333333333333,0.348958499991568,2,"counting in your mind",1,1.07618545555548,0.728635400000106,0.347550055555378
"12","3",23,"female","8",6,5.18097529999795,8,"effect",5,6,4,3,6,5,2,1,3,"no","5","counting in your mind",10,10,0.0833333333333333,0.819024700002046,2,"counting in your mind",1,1.07618545555548,0.728635400000106,0.347550055555378
"12","3",23,"female","9",5,3.9820769999933,6,"effect",5,6,4,3,6,5,2,1,3,"no","5","counting in your mind",10,10,0.0833333333333333,1.0179230000067,1,"counting in your mind",1,1.07618545555548,0.728635400000106,0.347550055555378
"12","3",23,"female","10",2,1.44910030000028,3,"baseline",5,6,4,3,6,5,2,1,3,"no","5","counting in your mind",10,10,0.0833333333333333,0.550899699999718,1,"counting in your mind",1,1.07618545555548,0.728635400000106,0.347550055555378
"12","3",23,"female","11",9,7.11413409998931,10,"baseline",5,6,4,3,6,5,2,1,3,"no","5","counting in your mind",10,10,0.0833333333333333,1.88586590001069,1,"counting in your mind",1,1.07618545555548,0.728635400000106,0.347550055555378
"12","3",23,"female","12",4,3.21425570000429,4,"baseline",5,6,4,3,6,5,2,1,3,"no","5","counting in your mind",10,10,0.0833333333333333,0.785744299995713,0,"counting in your mind",1,1.07618545555548,0.728635400000106,0.347550055555378
"13","1",23,"female","1",5,5.07992709999962,6,"baseline",5,7,3,4,7,6,1,2,5,"no","5","counting in your mind",16,12,0.0444444444444444,0.0799270999996224,1,"counting in your mind",1,0.620239888888641,0.187682037039512,0.432557851849129
"13","1",23,"female","2",3,2.46394059999875,4,"baseline",5,7,3,4,7,6,1,2,5,"no","5","counting in your mind",16,12,0.0444444444444444,0.53605940000125,1,"counting in your mind",1,0.620239888888641,0.187682037039512,0.432557851849129
"13","1",23,"female","3",9,7.7777231,11,"baseline",5,7,3,4,7,6,1,2,5,"no","5","counting in your mind",16,12,0.0444444444444444,1.2222769,2,"counting in your mind",1,0.620239888888641,0.187682037039512,0.432557851849129
"13","1",23,"female","4",4,3.41223080000054,5,"baseline",5,7,3,4,7,6,1,2,5,"no","5","counting in your mind",16,12,0.0444444444444444,0.587769199999457,1,"counting in your mind",1,0.620239888888641,0.187682037039512,0.432557851849129
"13","1",23,"female","5",2,1.69823390000238,3,"baseline",5,7,3,4,7,6,1,2,5,"no","5","counting in your mind",16,12,0.0444444444444444,0.301766099997621,1,"counting in your mind",1,0.620239888888641,0.187682037039512,0.432557851849129
"13","1",23,"female","6",7,5.86509849999857,9,"baseline",5,7,3,4,7,6,1,2,5,"no","5","counting in your mind",16,12,0.0444444444444444,1.13490150000143,2,"counting in your mind",1,0.620239888888641,0.187682037039512,0.432557851849129
"13","1",23,"female","7",3,2.83963558888637,4,"effect",5,7,3,4,7,6,1,2,5,"no","5","counting in your mind",16,12,0.0444444444444444,0.160364411113632,1,"counting in your mind",1,0.620239888888641,0.187682037039512,0.432557851849129
"13","1",23,"female","8",6,6.06437650000225,7,"effect",5,7,3,4,7,6,1,2,5,"no","5","counting in your mind",16,12,0.0444444444444444,0.064376500002254,1,"counting in your mind",1,0.620239888888641,0.187682037039512,0.432557851849129
"13","1",23,"female","9",5,4.66169479999735,5,"effect",5,7,3,4,7,6,1,2,5,"no","5","counting in your mind",16,12,0.0444444444444444,0.338305200002651,0,"counting in your mind",1,0.620239888888641,0.187682037039512,0.432557851849129
"13","1",23,"female","10",2,2.37927199999831,3,"baseline",5,7,3,4,7,6,1,2,5,"no","5","counting in your mind",16,12,0.0444444444444444,0.379271999998309,1,"counting in your mind",1,0.620239888888641,0.187682037039512,0.432557851849129
"13","1",23,"female","11",9,8.26146759999756,10,"baseline",5,7,3,4,7,6,1,2,5,"no","5","counting in your mind",16,12,0.0444444444444444,0.738532400002441,1,"counting in your mind",1,0.620239888888641,0.187682037039512,0.432557851849129
"13","1",23,"female","12",4,3.39834560000236,4,"baseline",5,7,3,4,7,6,1,2,5,"no","5","counting in your mind",16,12,0.0444444444444444,0.601654399997642,0,"counting in your mind",1,0.620239888888641,0.187682037039512,0.432557851849129
"14","2",22,"female","1",5,3.52491369999916,9,"baseline",3,7,5,5,6,6,2,5,1,"no","4","counting in your mind, reimagining the sound in your head",10,9,0.0333333333333333,1.47508630000084,4,"counting in your mind, reimagining the sound in your head",3,1.52144814444384,0.944111766665931,0.577336377777909
"14","2",22,"female","2",3,2.04893620000075,5,"baseline",3,7,5,5,6,6,2,5,1,"no","4","counting in your mind, reimagining the sound in your head",10,9,0.0333333333333333,0.951063799999247,2,"counting in your mind, reimagining the sound in your head",3,1.52144814444384,0.944111766665931,0.577336377777909
"14","2",22,"female","3",9,5.41005390000282,15,"baseline",3,7,5,5,6,6,2,5,1,"no","4","counting in your mind, reimagining the sound in your head",10,9,0.0333333333333333,3.58994609999718,6,"counting in your mind, reimagining the sound in your head",3,1.52144814444384,0.944111766665931,0.577336377777909
"14","2",22,"female","4",4,3.64671599999929,7,"baseline",3,7,5,5,6,6,2,5,1,"no","4","counting in your mind, reimagining the sound in your head",10,9,0.0333333333333333,0.353284000000713,3,"counting in your mind, reimagining the sound in your head",3,1.52144814444384,0.944111766665931,0.577336377777909
"14","2",22,"female","5",2,1.04692189999696,3,"baseline",3,7,5,5,6,6,2,5,1,"no","4","counting in your mind, reimagining the sound in your head",10,9,0.0333333333333333,0.95307810000304,1,"counting in your mind, reimagining the sound in your head",3,1.52144814444384,0.944111766665931,0.577336377777909
"14","2",22,"female","6",7,4.59411800000089,12,"baseline",3,7,5,5,6,6,2,5,1,"no","4","counting in your mind, reimagining the sound in your head",10,9,0.0333333333333333,2.40588199999911,5,"counting in your mind, reimagining the sound in your head",3,1.52144814444384,0.944111766665931,0.577336377777909
"14","2",22,"female","7",3,1.73007280000093,4,"effect",3,7,5,5,6,6,2,5,1,"no","4","counting in your mind, reimagining the sound in your head",10,9,0.0333333333333333,1.26992719999907,1,"counting in your mind, reimagining the sound in your head",3,1.52144814444384,0.944111766665931,0.577336377777909
"14","2",22,"female","8",6,4.81005619999996,10,"effect",3,7,5,5,6,6,2,5,1,"no","4","counting in your mind, reimagining the sound in your head",10,9,0.0333333333333333,1.18994380000004,4,"counting in your mind, reimagining the sound in your head",3,1.52144814444384,0.944111766665931,0.577336377777909
"14","2",22,"female","9",5,4.62753570000132,7,"effect",3,7,5,5,6,6,2,5,1,"no","4","counting in your mind, reimagining the sound in your head",10,9,0.0333333333333333,0.372464299998683,2,"counting in your mind, reimagining the sound in your head",3,1.52144814444384,0.944111766665931,0.577336377777909
"14","2",22,"female","10",2,1.947055800003,3,"baseline",3,7,5,5,6,6,2,5,1,"no","4","counting in your mind, reimagining the sound in your head",10,9,0.0333333333333333,0.0529441999970004,1,"counting in your mind, reimagining the sound in your head",3,1.52144814444384,0.944111766665931,0.577336377777909
"14","2",22,"female","11",9,5.84285180000006,12,"baseline",3,7,5,5,6,6,2,5,1,"no","4","counting in your mind, reimagining the sound in your head",10,9,0.0333333333333333,3.15714819999994,3,"counting in your mind, reimagining the sound in your head",3,1.52144814444384,0.944111766665931,0.577336377777909
"14","2",22,"female","12",4,3.2453994000025,6,"baseline",3,7,5,5,6,6,2,5,1,"no","4","counting in your mind, reimagining the sound in your head",10,9,0.0333333333333333,0.754600599997502,2,"counting in your mind, reimagining the sound in your head",3,1.52144814444384,0.944111766665931,0.577336377777909
"15","3",20,"female","1",5,4.56207699999868,5,"baseline",5,6,6,4,7,6,2,2,6,"yes","5","counting in your mind, reimagining the sound in your head",10,9,0.0833333333333333,0.437923000001319,0,"counting in your mind, reimagining the sound in your head",3,0.803243611111409,0.673922433332336,0.129321177779073
"15","3",20,"female","2",3,2.57993169999827,3,"baseline",5,6,6,4,7,6,2,2,6,"yes","5","counting in your mind, reimagining the sound in your head",10,9,0.0833333333333333,0.420068300001731,0,"counting in your mind, reimagining the sound in your head",3,0.803243611111409,0.673922433332336,0.129321177779073
"15","3",20,"female","3",9,7.57745969999814,8,"baseline",5,6,6,4,7,6,2,2,6,"yes","5","counting in your mind, reimagining the sound in your head",10,9,0.0833333333333333,1.42254030000186,1,"counting in your mind, reimagining the sound in your head",3,0.803243611111409,0.673922433332336,0.129321177779073
"15","3",20,"female","4",4,3.46064939999997,4,"baseline",5,6,6,4,7,6,2,2,6,"yes","5","counting in your mind, reimagining the sound in your head",10,9,0.0833333333333333,0.539350600000034,0,"counting in your mind, reimagining the sound in your head",3,0.803243611111409,0.673922433332336,0.129321177779073
"15","3",20,"female","5",2,2.69666339999822,3,"baseline",5,6,6,4,7,6,2,2,6,"yes","5","counting in your mind, reimagining the sound in your head",10,9,0.0833333333333333,0.696663399998215,1,"counting in your mind, reimagining the sound in your head",3,0.803243611111409,0.673922433332336,0.129321177779073
"15","3",20,"female","6",7,5.56063709999944,6,"baseline",5,6,6,4,7,6,2,2,6,"yes","5","counting in your mind, reimagining the sound in your head",10,9,0.0833333333333333,1.43936290000056,1,"counting in your mind, reimagining the sound in your head",3,0.803243611111409,0.673922433332336,0.129321177779073
"15","3",20,"female","7",3,3.3964605000001,4,"effect",5,6,6,4,7,6,2,2,6,"yes","5","counting in your mind, reimagining the sound in your head",10,9,0.0833333333333333,0.396460500000103,1,"counting in your mind, reimagining the sound in your head",3,0.803243611111409,0.673922433332336,0.129321177779073
"15","3",20,"female","8",6,5.17852980000316,6,"effect",5,6,6,4,7,6,2,2,6,"yes","5","counting in your mind, reimagining the sound in your head",10,9,0.0833333333333333,0.821470199996838,0,"counting in your mind, reimagining the sound in your head",3,0.803243611111409,0.673922433332336,0.129321177779073
"15","3",20,"female","9",5,4.19616339999993,4,"effect",5,6,6,4,7,6,2,2,6,"yes","5","counting in your mind, reimagining the sound in your head",10,9,0.0833333333333333,0.803836600000068,1,"counting in your mind, reimagining the sound in your head",3,0.803243611111409,0.673922433332336,0.129321177779073
"15","3",20,"female","10",2,2.01530709999861,2,"baseline",5,6,6,4,7,6,2,2,6,"yes","5","counting in your mind, reimagining the sound in your head",10,9,0.0833333333333333,0.0153070999986085,0,"counting in your mind, reimagining the sound in your head",3,0.803243611111409,0.673922433332336,0.129321177779073
"15","3",20,"female","11",9,7.41257630000109,7,"baseline",5,6,6,4,7,6,2,2,6,"yes","5","counting in your mind, reimagining the sound in your head",10,9,0.0833333333333333,1.58742369999891,2,"counting in your mind, reimagining the sound in your head",3,0.803243611111409,0.673922433332336,0.129321177779073
"15","3",20,"female","12",4,3.32944679999855,3,"baseline",5,6,6,4,7,6,2,2,6,"yes","5","counting in your mind, reimagining the sound in your head",10,9,0.0833333333333333,0.67055320000145,1,"counting in your mind, reimagining the sound in your head",3,0.803243611111409,0.673922433332336,0.129321177779073
"16","1",19,"male","1",5,5.4095802999982,6,"baseline",5,7,4,3,6,4,2,3,5,"no","5","counting in your mind",15,13,0.0416666666666667,0.409580299998197,1,"counting in your mind",1,0.406143988888087,0.842099999999239,0.435956011111153
"16","1",19,"male","2",3,2.3476496000003,3.7,"baseline",5,7,4,3,6,4,2,3,5,"no","5","counting in your mind",15,13,0.0416666666666667,0.652350399999705,0.7,"counting in your mind",1,0.406143988888087,0.842099999999239,0.435956011111153
"16","1",19,"male","3",9,9.07750349999696,10,"baseline",5,7,4,3,6,4,2,3,5,"no","5","counting in your mind",15,13,0.0416666666666667,0.0775034999969648,1,"counting in your mind",1,0.406143988888087,0.842099999999239,0.435956011111153
"16","1",19,"male","4",4,3.23071970000092,4.5,"baseline",5,7,4,3,6,4,2,3,5,"no","5","counting in your mind",15,13,0.0416666666666667,0.769280299999082,0.5,"counting in your mind",1,0.406143988888087,0.842099999999239,0.435956011111153
"16","1",19,"male","5",2,1.69498530000055,2.5,"baseline",5,7,4,3,6,4,2,3,5,"no","5","counting in your mind",15,13,0.0416666666666667,0.305014699999447,0.5,"counting in your mind",1,0.406143988888087,0.842099999999239,0.435956011111153
"16","1",19,"male","6",7,7.24455760000274,8,"baseline",5,7,4,3,6,4,2,3,5,"no","5","counting in your mind",15,13,0.0416666666666667,0.244557600002736,1,"counting in your mind",1,0.406143988888087,0.842099999999239,0.435956011111153
"16","1",19,"male","7",3,2.37992980000126,4,"effect",5,7,4,3,6,4,2,3,5,"no","5","counting in your mind",15,13,0.0416666666666667,0.620070199998736,1,"counting in your mind",1,0.406143988888087,0.842099999999239,0.435956011111153
"16","1",19,"male","8",6,4.61343250000209,7,"effect",5,7,4,3,6,4,2,3,5,"no","5","counting in your mind",15,13,0.0416666666666667,1.38656749999791,1,"counting in your mind",1,0.406143988888087,0.842099999999239,0.435956011111153
"16","1",19,"male","9",5,4.48033769999893,5,"effect",5,7,4,3,6,4,2,3,5,"no","5","counting in your mind",15,13,0.0416666666666667,0.519662300001073,0,"counting in your mind",1,0.406143988888087,0.842099999999239,0.435956011111153
"16","1",19,"male","10",2,1.51501980000103,1.5,"baseline",5,7,4,3,6,4,2,3,5,"no","5","counting in your mind",15,13,0.0416666666666667,0.484980199998972,0.5,"counting in your mind",1,0.406143988888087,0.842099999999239,0.435956011111153
"16","1",19,"male","11",9,8.62631600000168,7,"baseline",5,7,4,3,6,4,2,3,5,"no","5","counting in your mind",15,13,0.0416666666666667,0.37368399999832,2,"counting in your mind",1,0.406143988888087,0.842099999999239,0.435956011111153
"16","1",19,"male","12",4,3.66165510000064,3,"baseline",5,7,4,3,6,4,2,3,5,"no","5","counting in your mind",15,13,0.0416666666666667,0.338344899999356,1,"counting in your mind",1,0.406143988888087,0.842099999999239,0.435956011111153
"17","2",24,"male","1",5,5.64707579999958,6,"baseline",5,5,3,3,6,6,3,2,6,"no","4","counting in your mind, reimagining the sound in your head, tried to count my pulse",10,8,0.0333333333333333,0.647075799999584,1,"counting in your mind, reimagining the sound in your head, tried to count my pulse",4,1.14179566666604,0.822330333333715,0.319465333332321
"17","2",24,"male","2",3,1.56171069999982,3,"baseline",5,5,3,3,6,6,3,2,6,"no","4","counting in your mind, reimagining the sound in your head, tried to count my pulse",10,8,0.0333333333333333,1.43828930000018,0,"counting in your mind, reimagining the sound in your head, tried to count my pulse",4,1.14179566666604,0.822330333333715,0.319465333332321
"17","2",24,"male","3",9,7.25793850000628,9,"baseline",5,5,3,3,6,6,3,2,6,"no","4","counting in your mind, reimagining the sound in your head, tried to count my pulse",10,8,0.0333333333333333,1.74206149999372,0,"counting in your mind, reimagining the sound in your head, tried to count my pulse",4,1.14179566666604,0.822330333333715,0.319465333332321
"17","2",24,"male","4",4,3.64024909999716,5,"baseline",5,5,3,3,6,6,3,2,6,"no","4","counting in your mind, reimagining the sound in your head, tried to count my pulse",10,8,0.0333333333333333,0.359750900002837,1,"counting in your mind, reimagining the sound in your head, tried to count my pulse",4,1.14179566666604,0.822330333333715,0.319465333332321
"17","2",24,"male","5",2,1.04971210000076,2,"baseline",5,5,3,3,6,6,3,2,6,"no","4","counting in your mind, reimagining the sound in your head, tried to count my pulse",10,8,0.0333333333333333,0.950287899999239,0,"counting in your mind, reimagining the sound in your head, tried to count my pulse",4,1.14179566666604,0.822330333333715,0.319465333332321
"17","2",24,"male","6",7,6.04547379999713,8,"baseline",5,5,3,3,6,6,3,2,6,"no","4","counting in your mind, reimagining the sound in your head, tried to count my pulse",10,8,0.0333333333333333,0.954526200002874,1,"counting in your mind, reimagining the sound in your head, tried to count my pulse",4,1.14179566666604,0.822330333333715,0.319465333332321
"17","2",24,"male","7",3,2.06519180000032,3,"effect",5,5,3,3,6,6,3,2,6,"no","4","counting in your mind, reimagining the sound in your head, tried to count my pulse",10,8,0.0333333333333333,0.934808199999679,0,"counting in your mind, reimagining the sound in your head, tried to count my pulse",4,1.14179566666604,0.822330333333715,0.319465333332321
"17","2",24,"male","8",6,5.48073479999584,6,"effect",5,5,3,3,6,6,3,2,6,"no","4","counting in your mind, reimagining the sound in your head, tried to count my pulse",10,8,0.0333333333333333,0.519265200004156,0,"counting in your mind, reimagining the sound in your head, tried to count my pulse",4,1.14179566666604,0.822330333333715,0.319465333332321
"17","2",24,"male","9",5,6.01291759999731,7,"effect",5,5,3,3,6,6,3,2,6,"no","4","counting in your mind, reimagining the sound in your head, tried to count my pulse",10,8,0.0333333333333333,1.01291759999731,2,"counting in your mind, reimagining the sound in your head, tried to count my pulse",4,1.14179566666604,0.822330333333715,0.319465333332321
"17","2",24,"male","10",2,4.4456102999975,7,"baseline",5,5,3,3,6,6,3,2,6,"no","4","counting in your mind, reimagining the sound in your head, tried to count my pulse",10,8,0.0333333333333333,2.4456102999975,5,"counting in your mind, reimagining the sound in your head, tried to count my pulse",4,1.14179566666604,0.822330333333715,0.319465333332321
"17","2",24,"male","11",9,7.4970123000021,9,"baseline",5,5,3,3,6,6,3,2,6,"no","4","counting in your mind, reimagining the sound in your head, tried to count my pulse",10,8,0.0333333333333333,1.5029876999979,0,"counting in your mind, reimagining the sound in your head, tried to count my pulse",4,1.14179566666604,0.822330333333715,0.319465333332321
"17","2",24,"male","12",4,3.76442859999952,5,"baseline",5,5,3,3,6,6,3,2,6,"no","4","counting in your mind, reimagining the sound in your head, tried to count my pulse",10,8,0.0333333333333333,0.235571400000481,1,"counting in your mind, reimagining the sound in your head, tried to count my pulse",4,1.14179566666604,0.822330333333715,0.319465333332321
"18","3",20,"female","1",5,4.71520069999679,6,"baseline",3,6,4,4,5,5,1,1,3,"no","4","counting in your mind",8,6,0.0666666666666667,0.284799300003215,1,"counting in your mind",1,0.775676577778035,0.818530966666003,0.0428543888879681
"18","3",20,"female","2",3,2.33132640000258,4,"baseline",3,6,4,4,5,5,1,1,3,"no","4","counting in your mind",8,6,0.0666666666666667,0.668673599997419,1,"counting in your mind",1,0.775676577778035,0.818530966666003,0.0428543888879681
"18","3",20,"female","3",9,6.88143590000254,7,"baseline",3,6,4,4,5,5,1,1,3,"no","4","counting in your mind",8,6,0.0666666666666667,2.11856409999746,2,"counting in your mind",1,0.775676577778035,0.818530966666003,0.0428543888879681
"18","3",20,"female","4",4,3.78444900000613,4,"baseline",3,6,4,4,5,5,1,1,3,"no","4","counting in your mind",8,6,0.0666666666666667,0.215550999993866,0,"counting in your mind",1,0.775676577778035,0.818530966666003,0.0428543888879681
"18","3",20,"female","5",2,1.86389029999555,2,"baseline",3,6,4,4,5,5,1,1,3,"no","4","counting in your mind",8,6,0.0666666666666667,0.136109700004454,0,"counting in your mind",1,0.775676577778035,0.818530966666003,0.0428543888879681
"18","3",20,"female","6",7,6.03019789999962,6,"baseline",3,6,4,4,5,5,1,1,3,"no","4","counting in your mind",8,6,0.0666666666666667,0.969802100000379,1,"counting in your mind",1,0.775676577778035,0.818530966666003,0.0428543888879681
"18","3",20,"female","7",3,2.31527600000118,2,"effect",3,6,4,4,5,5,1,1,3,"no","4","counting in your mind",8,6,0.0666666666666667,0.684723999998823,1,"counting in your mind",1,0.775676577778035,0.818530966666003,0.0428543888879681
"18","3",20,"female","8",6,5.16436500000418,5,"effect",3,6,4,4,5,5,1,1,3,"no","4","counting in your mind",8,6,0.0666666666666667,0.835634999995818,1,"counting in your mind",1,0.775676577778035,0.818530966666003,0.0428543888879681
"18","3",20,"female","9",5,4.06476609999663,4,"effect",3,6,4,4,5,5,1,1,3,"no","4","counting in your mind",8,6,0.0666666666666667,0.935233900003368,1,"counting in your mind",1,0.775676577778035,0.818530966666003,0.0428543888879681
"18","3",20,"female","10",2,1.5322656999997,2,"baseline",3,6,4,4,5,5,1,1,3,"no","4","counting in your mind",8,6,0.0666666666666667,0.467734300000302,0,"counting in your mind",1,0.775676577778035,0.818530966666003,0.0428543888879681
"18","3",20,"female","11",9,7.26020059999428,7,"baseline",3,6,4,4,5,5,1,1,3,"no","4","counting in your mind",8,6,0.0666666666666667,1.73979940000572,2,"counting in your mind",1,0.775676577778035,0.818530966666003,0.0428543888879681
"18","3",20,"female","12",4,4.3800556999995,4,"baseline",3,6,4,4,5,5,1,1,3,"no","4","counting in your mind",8,6,0.0666666666666667,0.380055699999502,0,"counting in your mind",1,0.775676577778035,0.818530966666003,0.0428543888879681
"19","1",22,"female","1",5,2.81398140000238,20,"baseline",5,7,2,4,5,4,1,1,5,"no","3","reimagining the sound in your head",12,10,0.0333333333333333,2.18601859999762,15,"reimagining the sound in your head",5,2.79930175555395,2.4650443999999,0.334257355554049
"19","1",22,"female","2",3,1.9658488999994,15,"baseline",5,7,2,4,5,4,1,1,5,"no","3","reimagining the sound in your head",12,10,0.0333333333333333,1.0341511000006,12,"reimagining the sound in your head",5,2.79930175555395,2.4650443999999,0.334257355554049
"19","1",22,"female","3",9,3.66235810000217,30,"baseline",5,7,2,4,5,4,1,1,5,"no","3","reimagining the sound in your head",12,10,0.0333333333333333,5.33764189999783,21,"reimagining the sound in your head",5,2.79930175555395,2.4650443999999,0.334257355554049
"19","1",22,"female","4",4,2.14519149999978,20,"baseline",5,7,2,4,5,4,1,1,5,"no","3","reimagining the sound in your head",12,10,0.0333333333333333,1.85480850000022,16,"reimagining the sound in your head",5,2.79930175555395,2.4650443999999,0.334257355554049
"19","1",22,"female","5",2,1.39542449999863,15,"baseline",5,7,2,4,5,4,1,1,5,"no","3","reimagining the sound in your head",12,10,0.0333333333333333,0.604575500001374,13,"reimagining the sound in your head",5,2.79930175555395,2.4650443999999,0.334257355554049
"19","1",22,"female","6",7,2.49814940000215,20,"baseline",5,7,2,4,5,4,1,1,5,"no","3","reimagining the sound in your head",12,10,0.0333333333333333,4.50185059999785,13,"reimagining the sound in your head",5,2.79930175555395,2.4650443999999,0.334257355554049
"19","1",22,"female","7",3,1.76346770000237,20,"effect",5,7,2,4,5,4,1,1,5,"no","3","reimagining the sound in your head",12,10,0.0333333333333333,1.23653229999763,17,"reimagining the sound in your head",5,2.79930175555395,2.4650443999999,0.334257355554049
"19","1",22,"female","8",6,2.66274839999824,30,"effect",5,7,2,4,5,4,1,1,5,"no","3","reimagining the sound in your head",12,10,0.0333333333333333,3.33725160000176,24,"reimagining the sound in your head",5,2.79930175555395,2.4650443999999,0.334257355554049
"19","1",22,"female","9",5,2.17865069999971,30,"effect",5,7,2,4,5,4,1,1,5,"no","3","reimagining the sound in your head",12,10,0.0333333333333333,2.82134930000029,25,"reimagining the sound in your head",5,2.79930175555395,2.4650443999999,0.334257355554049
"19","1",22,"female","10",2,1.26300140000239,15,"baseline",5,7,2,4,5,4,1,1,5,"no","3","reimagining the sound in your head",12,10,0.0333333333333333,0.736998599997605,13,"reimagining the sound in your head",5,2.79930175555395,2.4650443999999,0.334257355554049
"19","1",22,"female","11",9,2.7651604000057,30,"baseline",5,7,2,4,5,4,1,1,5,"no","3","reimagining the sound in your head",12,10,0.0333333333333333,6.2348395999943,21,"reimagining the sound in your head",5,2.79930175555395,2.4650443999999,0.334257355554049
"19","1",22,"female","12",4,1.2971686000019,20,"baseline",5,7,2,4,5,4,1,1,5,"no","3","reimagining the sound in your head",12,10,0.0333333333333333,2.7028313999981,16,"reimagining the sound in your head",5,2.79930175555395,2.4650443999999,0.334257355554049
"2","2",23,"male","1",5,3.96521389999543,5,"baseline",2,6,5,4,3,4,3,3,1,"no","5","reimagining the sound in your head",6,5,0.02,1.03478610000457,0,"reimagining the sound in your head",5,0.590058222220654,0.611581499998768,0.0215232777781138
"2","2",23,"male","2",3,2.59551090000605,4,"baseline",2,6,5,4,3,4,3,3,1,"no","5","reimagining the sound in your head",6,5,0.02,0.404489099993953,1,"reimagining the sound in your head",5,0.590058222220654,0.611581499998768,0.0215232777781138
"2","2",23,"male","3",9,9.44451469999331,9,"baseline",2,6,5,4,3,4,3,3,1,"no","5","reimagining the sound in your head",6,5,0.02,0.444514699993306,0,"reimagining the sound in your head",5,0.590058222220654,0.611581499998768,0.0215232777781138
"2","2",23,"male","4",4,3.09640209999634,5,"baseline",2,6,5,4,3,4,3,3,1,"no","5","reimagining the sound in your head",6,5,0.02,0.90359790000366,1,"reimagining the sound in your head",5,0.590058222220654,0.611581499998768,0.0215232777781138
"2","2",23,"male","5",2,1.74905040000158,4,"baseline",2,6,5,4,3,4,3,3,1,"no","5","reimagining the sound in your head",6,5,0.02,0.250949599998421,2,"reimagining the sound in your head",5,0.590058222220654,0.611581499998768,0.0215232777781138
"2","2",23,"male","6",7,7.56372550000378,7,"baseline",2,6,5,4,3,4,3,3,1,"no","5","reimagining the sound in your head",6,5,0.02,0.563725500003784,0,"reimagining the sound in your head",5,0.590058222220654,0.611581499998768,0.0215232777781138
"2","2",23,"male","7",3,3.01200309999695,3,"effect",2,6,5,4,3,4,3,3,1,"no","5","reimagining the sound in your head",6,5,0.02,0.0120030999969458,0,"reimagining the sound in your head",5,0.590058222220654,0.611581499998768,0.0215232777781138
"2","2",23,"male","8",6,5.76328919999651,6,"effect",2,6,5,4,3,4,3,3,1,"no","5","reimagining the sound in your head",6,5,0.02,0.236710800003493,0,"reimagining the sound in your head",5,0.590058222220654,0.611581499998768,0.0215232777781138
"2","2",23,"male","9",5,3.41396940000413,5,"effect",2,6,5,4,3,4,3,3,1,"no","5","reimagining the sound in your head",6,5,0.02,1.58603059999587,0,"reimagining the sound in your head",5,0.590058222220654,0.611581499998768,0.0215232777781138
"2","2",23,"male","10",2,1.22980800000369,2,"baseline",2,6,5,4,3,4,3,3,1,"no","5","reimagining the sound in your head",6,5,0.02,0.770191999996314,0,"reimagining the sound in your head",5,0.590058222220654,0.611581499998768,0.0215232777781138
"2","2",23,"male","11",9,8.24632930000371,9,"baseline",2,6,5,4,3,4,3,3,1,"no","5","reimagining the sound in your head",6,5,0.02,0.753670699996292,0,"reimagining the sound in your head",5,0.590058222220654,0.611581499998768,0.0215232777781138
"2","2",23,"male","12",4,3.81540160000441,4,"baseline",2,6,5,4,3,4,3,3,1,"no","5","reimagining the sound in your head",6,5,0.02,0.184598399995593,0,"reimagining the sound in your head",5,0.590058222220654,0.611581499998768,0.0215232777781138
"20","2",26,"male","1",5,5.92767189999722,6,"baseline",5,7,3,4,6,4,1,2,6,"yes","5","counting in your mind, reimagining the sound in your head, tapping along, heartbeat",21,20,0.07,0.927671899997222,1,"counting in your mind, heartbeat, reimagining the sound in your head, tapping along",6,0.537133944443162,0.539328666668249,0.00219472222508754
"20","2",26,"male","2",3,2.39657650000299,2.7,"baseline",5,7,3,4,6,4,1,2,6,"yes","5","counting in your mind, reimagining the sound in your head, tapping along, heartbeat",21,20,0.07,0.603423499997007,0.3,"counting in your mind, heartbeat, reimagining the sound in your head, tapping along",6,0.537133944443162,0.539328666668249,0.00219472222508754
"20","2",26,"male","3",9,9.32579770000302,9,"baseline",5,7,3,4,6,4,1,2,6,"yes","5","counting in your mind, reimagining the sound in your head, tapping along, heartbeat",21,20,0.07,0.325797700003022,0,"counting in your mind, heartbeat, reimagining the sound in your head, tapping along",6,0.537133944443162,0.539328666668249,0.00219472222508754
"20","2",26,"male","4",4,4.24614669999573,4.8,"baseline",5,7,3,4,6,4,1,2,6,"yes","5","counting in your mind, reimagining the sound in your head, tapping along, heartbeat",21,20,0.07,0.246146699995734,0.8,"counting in your mind, heartbeat, reimagining the sound in your head, tapping along",6,0.537133944443162,0.539328666668249,0.00219472222508754
"20","2",26,"male","5",2,1.84653390000312,2.9,"baseline",5,7,3,4,6,4,1,2,6,"yes","5","counting in your mind, reimagining the sound in your head, tapping along, heartbeat",21,20,0.07,0.153466099996876,0.9,"counting in your mind, heartbeat, reimagining the sound in your head, tapping along",6,0.537133944443162,0.539328666668249,0.00219472222508754
"20","2",26,"male","6",7,7.99365450000187,8,"baseline",5,7,3,4,6,4,1,2,6,"yes","5","counting in your mind, reimagining the sound in your head, tapping along, heartbeat",21,20,0.07,0.993654500001867,1,"counting in your mind, heartbeat, reimagining the sound in your head, tapping along",6,0.537133944443162,0.539328666668249,0.00219472222508754
"20","2",26,"male","7",3,3.41268229999696,3.8,"effect",5,7,3,4,6,4,1,2,6,"yes","5","counting in your mind, reimagining the sound in your head, tapping along, heartbeat",21,20,0.07,0.412682299996959,0.8,"counting in your mind, heartbeat, reimagining the sound in your head, tapping along",6,0.537133944443162,0.539328666668249,0.00219472222508754
"20","2",26,"male","8",6,5.16511479999463,6.1,"effect",5,7,3,4,6,4,1,2,6,"yes","5","counting in your mind, reimagining the sound in your head, tapping along, heartbeat",21,20,0.07,0.834885200005374,0.0999999999999996,"counting in your mind, heartbeat, reimagining the sound in your head, tapping along",6,0.537133944443162,0.539328666668249,0.00219472222508754
"20","2",26,"male","9",5,4.62958149999758,5.6,"effect",5,7,3,4,6,4,1,2,6,"yes","5","counting in your mind, reimagining the sound in your head, tapping along, heartbeat",21,20,0.07,0.370418500002415,0.6,"counting in your mind, heartbeat, reimagining the sound in your head, tapping along",6,0.537133944443162,0.539328666668249,0.00219472222508754
"20","2",26,"male","10",2,1.24752460000309,2.2,"baseline",5,7,3,4,6,4,1,2,6,"yes","5","counting in your mind, reimagining the sound in your head, tapping along, heartbeat",21,20,0.07,0.752475399996911,0.2,"counting in your mind, heartbeat, reimagining the sound in your head, tapping along",6,0.537133944443162,0.539328666668249,0.00219472222508754
"20","2",26,"male","11",9,9.21086230000219,8.8,"baseline",5,7,3,4,6,4,1,2,6,"yes","5","counting in your mind, reimagining the sound in your head, tapping along, heartbeat",21,20,0.07,0.210862300002191,0.199999999999999,"counting in your mind, heartbeat, reimagining the sound in your head, tapping along",6,0.537133944443162,0.539328666668249,0.00219472222508754
"20","2",26,"male","12",4,3.37929260000237,4.1,"baseline",5,7,3,4,6,4,1,2,6,"yes","5","counting in your mind, reimagining the sound in your head, tapping along, heartbeat",21,20,0.07,0.620707399997627,0.0999999999999996,"counting in your mind, heartbeat, reimagining the sound in your head, tapping along",6,0.537133944443162,0.539328666668249,0.00219472222508754
"21","3",22,"male","1",5,5.16427000000112,7,"baseline",5,7,5,4,6,4,2,2,4,"no","5","counting in your mind, tapping along",10,9,0.0833333333333333,0.164270000001125,2,"counting in your mind, tapping along",7,0.825547622224905,0.548053999996531,0.277493622228374
"21","3",22,"male","2",3,2.11216589999822,4,"baseline",5,7,5,4,6,4,2,2,4,"no","5","counting in your mind, tapping along",10,9,0.0833333333333333,0.887834100001783,1,"counting in your mind, tapping along",7,0.825547622224905,0.548053999996531,0.277493622228374
"21","3",22,"male","3",9,8.05999679999513,10,"baseline",5,7,5,4,6,4,2,2,4,"no","5","counting in your mind, tapping along",10,9,0.0833333333333333,0.940003200004867,1,"counting in your mind, tapping along",7,0.825547622224905,0.548053999996531,0.277493622228374
"21","3",22,"male","4",4,3.99584469999536,4,"baseline",5,7,5,4,6,4,2,2,4,"no","5","counting in your mind, tapping along",10,9,0.0833333333333333,0.00415530000464059,0,"counting in your mind, tapping along",7,0.825547622224905,0.548053999996531,0.277493622228374
"21","3",22,"male","5",2,1.37932619999629,2,"baseline",5,7,5,4,6,4,2,2,4,"no","5","counting in your mind, tapping along",10,9,0.0833333333333333,0.620673800003715,0,"counting in your mind, tapping along",7,0.825547622224905,0.548053999996531,0.277493622228374
"21","3",22,"male","6",7,5.51058159999957,6,"baseline",5,7,5,4,6,4,2,2,4,"no","5","counting in your mind, tapping along",10,9,0.0833333333333333,1.48941840000043,1,"counting in your mind, tapping along",7,0.825547622224905,0.548053999996531,0.277493622228374
"21","3",22,"male","7",3,2.61556940000446,4,"effect",5,7,5,4,6,4,2,2,4,"no","5","counting in your mind, tapping along",10,9,0.0833333333333333,0.38443059999554,1,"counting in your mind, tapping along",7,0.825547622224905,0.548053999996531,0.277493622228374
"21","3",22,"male","8",6,5.87940670000535,7,"effect",5,7,5,4,6,4,2,2,4,"no","5","counting in your mind, tapping along",10,9,0.0833333333333333,0.120593299994653,1,"counting in your mind, tapping along",7,0.825547622224905,0.548053999996531,0.277493622228374
"21","3",22,"male","9",5,3.8608619000006,5,"effect",5,7,5,4,6,4,2,2,4,"no","5","counting in your mind, tapping along",10,9,0.0833333333333333,1.1391380999994,0,"counting in your mind, tapping along",7,0.825547622224905,0.548053999996531,0.277493622228374
"21","3",22,"male","10",2,0.132492999997339,3,"baseline",5,7,5,4,6,4,2,2,4,"no","5","counting in your mind, tapping along",10,9,0.0833333333333333,1.86750700000266,1,"counting in your mind, tapping along",7,0.825547622224905,0.548053999996531,0.277493622228374
"21","3",22,"male","11",9,7.76404560000083,9,"baseline",5,7,5,4,6,4,2,2,4,"no","5","counting in your mind, tapping along",10,9,0.0833333333333333,1.23595439999917,0,"counting in your mind, tapping along",7,0.825547622224905,0.548053999996531,0.277493622228374
"21","3",22,"male","12",4,3.77988759999425,5,"baseline",5,7,5,4,6,4,2,2,4,"no","5","counting in your mind, tapping along",10,9,0.0833333333333333,0.220112400005746,1,"counting in your mind, tapping along",7,0.825547622224905,0.548053999996531,0.277493622228374
"22","1",23,"male","1",5,6.22852520000015,4,"baseline",6,6,3,4,5,3,2,2,6,"no","5","counting in your mind, reimagining the sound in your head",19,18,0.0527777777777778,1.22852520000015,1,"counting in your mind, reimagining the sound in your head",3,1.03378932222323,0.36772813333179,0.666061188891439
"22","1",23,"male","2",3,3.23220859999856,3.5,"baseline",6,6,3,4,5,3,2,2,6,"no","5","counting in your mind, reimagining the sound in your head",19,18,0.0527777777777778,0.232208599998557,0.5,"counting in your mind, reimagining the sound in your head",3,1.03378932222323,0.36772813333179,0.666061188891439
"22","1",23,"male","3",9,6.69444219999423,5,"baseline",6,6,3,4,5,3,2,2,6,"no","5","counting in your mind, reimagining the sound in your head",19,18,0.0527777777777778,2.30555780000577,4,"counting in your mind, reimagining the sound in your head",3,1.03378932222323,0.36772813333179,0.666061188891439
"22","1",23,"male","4",4,5.31049880000501,3,"baseline",6,6,3,4,5,3,2,2,6,"no","5","counting in your mind, reimagining the sound in your head",19,18,0.0527777777777778,1.31049880000501,1,"counting in your mind, reimagining the sound in your head",3,1.03378932222323,0.36772813333179,0.666061188891439
"22","1",23,"male","5",2,1.63305430000037,2,"baseline",6,6,3,4,5,3,2,2,6,"no","5","counting in your mind, reimagining the sound in your head",19,18,0.0527777777777778,0.366945699999633,0,"counting in your mind, reimagining the sound in your head",3,1.03378932222323,0.36772813333179,0.666061188891439
"22","1",23,"male","6",7,5.29803710000124,5,"baseline",6,6,3,4,5,3,2,2,6,"no","5","counting in your mind, reimagining the sound in your head",19,18,0.0527777777777778,1.70196289999876,2,"counting in your mind, reimagining the sound in your head",3,1.03378932222323,0.36772813333179,0.666061188891439
"22","1",23,"male","7",3,2.76226830000087,2,"effect",6,6,3,4,5,3,2,2,6,"no","5","counting in your mind, reimagining the sound in your head",19,18,0.0527777777777778,0.237731699999131,1,"counting in your mind, reimagining the sound in your head",3,1.03378932222323,0.36772813333179,0.666061188891439
"22","1",23,"male","8",6,5.14697450000676,4,"effect",6,6,3,4,5,3,2,2,6,"no","5","counting in your mind, reimagining the sound in your head",19,18,0.0527777777777778,0.853025499993237,2,"counting in your mind, reimagining the sound in your head",3,1.03378932222323,0.36772813333179,0.666061188891439
"22","1",23,"male","9",5,5.012427200003,4,"effect",6,6,3,4,5,3,2,2,6,"no","5","counting in your mind, reimagining the sound in your head",19,18,0.0527777777777778,0.0124272000030032,1,"counting in your mind, reimagining the sound in your head",3,1.03378932222323,0.36772813333179,0.666061188891439
"22","1",23,"male","10",2,1.84585550000338,2,"baseline",6,6,3,4,5,3,2,2,6,"no","5","counting in your mind, reimagining the sound in your head",19,18,0.0527777777777778,0.154144499996619,0,"counting in your mind, reimagining the sound in your head",3,1.03378932222323,0.36772813333179,0.666061188891439
"22","1",23,"male","11",9,7.42700959999638,6,"baseline",6,6,3,4,5,3,2,2,6,"no","5","counting in your mind, reimagining the sound in your head",19,18,0.0527777777777778,1.57299040000362,3,"counting in your mind, reimagining the sound in your head",3,1.03378932222323,0.36772813333179,0.666061188891439
"22","1",23,"male","12",4,4.43127000000095,4,"baseline",6,6,3,4,5,3,2,2,6,"no","5","counting in your mind, reimagining the sound in your head",19,18,0.0527777777777778,0.43127000000095,0,"counting in your mind, reimagining the sound in your head",3,1.03378932222323,0.36772813333179,0.666061188891439
"23","2",22,"male","1",5,6.42608099999779,8.5,"baseline",5,7,6,4,7,5,3,2,6,"no","35","nodded along",15,14,0.05,1.42608099999779,3.5,"nodded along",8,0.929028733333527,0.803135933332669,0.125892800000858
"23","2",22,"male","2",3,2.41395749999356,3.5,"baseline",5,7,6,4,7,5,3,2,6,"no","35","nodded along",15,14,0.05,0.586042500006442,0.5,"nodded along",8,0.929028733333527,0.803135933332669,0.125892800000858
"23","2",22,"male","3",9,8.81587130000116,11,"baseline",5,7,6,4,7,5,3,2,6,"no","35","nodded along",15,14,0.05,0.184128699998837,2,"nodded along",8,0.929028733333527,0.803135933332669,0.125892800000858
"23","2",22,"male","4",4,2.59739770000306,3,"baseline",5,7,6,4,7,5,3,2,6,"no","35","nodded along",15,14,0.05,1.40260229999694,1,"nodded along",8,0.929028733333527,0.803135933332669,0.125892800000858
"23","2",22,"male","5",2,1.49841089999973,2.5,"baseline",5,7,6,4,7,5,3,2,6,"no","35","nodded along",15,14,0.05,0.501589100000274,0.5,"nodded along",8,0.929028733333527,0.803135933332669,0.125892800000858
"23","2",22,"male","6",7,4.26266469999973,6,"baseline",5,7,6,4,7,5,3,2,6,"no","35","nodded along",15,14,0.05,2.73733530000027,1,"nodded along",8,0.929028733333527,0.803135933332669,0.125892800000858
"23","2",22,"male","7",3,2.24626230000285,3.5,"effect",5,7,6,4,7,5,3,2,6,"no","35","nodded along",15,14,0.05,0.753737699997146,0.5,"nodded along",8,0.929028733333527,0.803135933332669,0.125892800000858
"23","2",22,"male","8",6,5.26395809999667,7,"effect",5,7,6,4,7,5,3,2,6,"no","35","nodded along",15,14,0.05,0.736041900003329,1,"nodded along",8,0.929028733333527,0.803135933332669,0.125892800000858
"23","2",22,"male","9",5,4.08037180000247,5.5,"effect",5,7,6,4,7,5,3,2,6,"no","35","nodded along",15,14,0.05,0.919628199997533,0.5,"nodded along",8,0.929028733333527,0.803135933332669,0.125892800000858
"23","2",22,"male","10",2,1.51612109999405,2.5,"baseline",5,7,6,4,7,5,3,2,6,"no","35","nodded along",15,14,0.05,0.483878900005948,0.5,"nodded along",8,0.929028733333527,0.803135933332669,0.125892800000858
"23","2",22,"male","11",9,8.31300770000234,13,"baseline",5,7,6,4,7,5,3,2,6,"no","35","nodded along",15,14,0.05,0.686992299997655,4,"nodded along",8,0.929028733333527,0.803135933332669,0.125892800000858
"23","2",22,"male","12",4,3.64739150000241,5.5,"baseline",5,7,6,4,7,5,3,2,6,"no","35","nodded along",15,14,0.05,0.352608499997586,1.5,"nodded along",8,0.929028733333527,0.803135933332669,0.125892800000858
"24","3",23,"female","1",5,5.41277490000357,7,"baseline",4,6,5,4,5,5,2,2,6,"no","4","counting in your mind",13,11,0.108333333333333,0.412774900003569,2,"counting in your mind",1,0.627554755556048,0.378808366663482,0.248746388892566
"24","3",23,"female","2",3,3.82870779999939,4,"baseline",4,6,5,4,5,5,2,2,6,"no","4","counting in your mind",13,11,0.108333333333333,0.828707799999393,1,"counting in your mind",1,0.627554755556048,0.378808366663482,0.248746388892566
"24","3",23,"female","3",9,8.92846959999588,9,"baseline",4,6,5,4,5,5,2,2,6,"no","4","counting in your mind",13,11,0.108333333333333,0.0715304000041215,0,"counting in your mind",1,0.627554755556048,0.378808366663482,0.248746388892566
"24","3",23,"female","4",4,3.19878590000008,4,"baseline",4,6,5,4,5,5,2,2,6,"no","4","counting in your mind",13,11,0.108333333333333,0.801214099999925,0,"counting in your mind",1,0.627554755556048,0.378808366663482,0.248746388892566
"24","3",23,"female","5",2,1.84898610000528,3,"baseline",4,6,5,4,5,5,2,2,6,"no","4","counting in your mind",13,11,0.108333333333333,0.151013899994723,1,"counting in your mind",1,0.627554755556048,0.378808366663482,0.248746388892566
"24","3",23,"female","6",7,6.02848670000094,7,"baseline",4,6,5,4,5,5,2,2,6,"no","4","counting in your mind",13,11,0.108333333333333,0.97151329999906,0,"counting in your mind",1,0.627554755556048,0.378808366663482,0.248746388892566
"24","3",23,"female","7",3,3.23111799999606,4,"effect",4,6,5,4,5,5,2,2,6,"no","4","counting in your mind",13,11,0.108333333333333,0.231117999996059,1,"counting in your mind",1,0.627554755556048,0.378808366663482,0.248746388892566
"24","3",23,"female","8",6,5.51261610000074,7,"effect",4,6,5,4,5,5,2,2,6,"no","4","counting in your mind",13,11,0.108333333333333,0.487383899999259,1,"counting in your mind",1,0.627554755556048,0.378808366663482,0.248746388892566
"24","3",23,"female","9",5,4.58207680000487,6,"effect",4,6,5,4,5,5,2,2,6,"no","4","counting in your mind",13,11,0.108333333333333,0.41792319999513,1,"counting in your mind",1,0.627554755556048,0.378808366663482,0.248746388892566
"24","3",23,"female","10",2,1.4459296999994,3,"baseline",4,6,5,4,5,5,2,2,6,"no","4","counting in your mind",13,11,0.108333333333333,0.554070300000603,1,"counting in your mind",1,0.627554755556048,0.378808366663482,0.248746388892566
"24","3",23,"female","11",9,7.88010290000238,10,"baseline",4,6,5,4,5,5,2,2,6,"no","4","counting in your mind",13,11,0.108333333333333,1.11989709999762,1,"counting in your mind",1,0.627554755556048,0.378808366663482,0.248746388892566
"24","3",23,"female","12",4,3.26272899999458,5,"baseline",4,6,5,4,5,5,2,2,6,"no","4","counting in your mind",13,11,0.108333333333333,0.737271000005421,1,"counting in your mind",1,0.627554755556048,0.378808366663482,0.248746388892566
"25","1",23,"male","1",5,4.06269030000112,4.8,"baseline",6,6,2,2,7,5,4,5,4,"no","5","counting in your mind, reimagining the sound in your head, tapping along, tapping in fourths in my head, to get a more detailed idea about the time",21,18,0.0583333333333333,0.937309699998877,0.2,"counting in your mind, reimagining the sound in your head, tapping along, tapping in fourths in my head, to get a more detailed idea about the time",9,0.421154611111787,0.360222533335521,0.0609320777762656
"25","1",23,"male","2",3,2.8637735999946,3.7,"baseline",6,6,2,2,7,5,4,5,4,"no","5","counting in your mind, reimagining the sound in your head, tapping along, tapping in fourths in my head, to get a more detailed idea about the time",21,18,0.0583333333333333,0.136226400005398,0.7,"counting in your mind, reimagining the sound in your head, tapping along, tapping in fourths in my head, to get a more detailed idea about the time",9,0.421154611111787,0.360222533335521,0.0609320777762656
"25","1",23,"male","3",9,8.77807879999455,9,"baseline",6,6,2,2,7,5,4,5,4,"no","5","counting in your mind, reimagining the sound in your head, tapping along, tapping in fourths in my head, to get a more detailed idea about the time",21,18,0.0583333333333333,0.221921200005454,0,"counting in your mind, reimagining the sound in your head, tapping along, tapping in fourths in my head, to get a more detailed idea about the time",9,0.421154611111787,0.360222533335521,0.0609320777762656
"25","1",23,"male","4",4,3.19914869999775,4.2,"baseline",6,6,2,2,7,5,4,5,4,"no","5","counting in your mind, reimagining the sound in your head, tapping along, tapping in fourths in my head, to get a more detailed idea about the time",21,18,0.0583333333333333,0.80085130000225,0.2,"counting in your mind, reimagining the sound in your head, tapping along, tapping in fourths in my head, to get a more detailed idea about the time",9,0.421154611111787,0.360222533335521,0.0609320777762656
"25","1",23,"male","5",2,2.18450409999787,1.9,"baseline",6,6,2,2,7,5,4,5,4,"no","5","counting in your mind, reimagining the sound in your head, tapping along, tapping in fourths in my head, to get a more detailed idea about the time",21,18,0.0583333333333333,0.184504099997866,0.1,"counting in your mind, reimagining the sound in your head, tapping along, tapping in fourths in my head, to get a more detailed idea about the time",9,0.421154611111787,0.360222533335521,0.0609320777762656
"25","1",23,"male","6",7,6.64389690000098,7.1,"baseline",6,6,2,2,7,5,4,5,4,"no","5","counting in your mind, reimagining the sound in your head, tapping along, tapping in fourths in my head, to get a more detailed idea about the time",21,18,0.0583333333333333,0.356103099999018,0.0999999999999996,"counting in your mind, reimagining the sound in your head, tapping along, tapping in fourths in my head, to get a more detailed idea about the time",9,0.421154611111787,0.360222533335521,0.0609320777762656
"25","1",23,"male","7",3,2.87967519999802,3.1,"effect",6,6,2,2,7,5,4,5,4,"no","5","counting in your mind, reimagining the sound in your head, tapping along, tapping in fourths in my head, to get a more detailed idea about the time",21,18,0.0583333333333333,0.120324800001981,0.1,"counting in your mind, reimagining the sound in your head, tapping along, tapping in fourths in my head, to get a more detailed idea about the time",9,0.421154611111787,0.360222533335521,0.0609320777762656
"25","1",23,"male","8",6,5.52859000000171,6.3,"effect",6,6,2,2,7,5,4,5,4,"no","5","counting in your mind, reimagining the sound in your head, tapping along, tapping in fourths in my head, to get a more detailed idea about the time",21,18,0.0583333333333333,0.471409999998286,0.3,"counting in your mind, reimagining the sound in your head, tapping along, tapping in fourths in my head, to get a more detailed idea about the time",9,0.421154611111787,0.360222533335521,0.0609320777762656
"25","1",23,"male","9",5,4.5110671999937,5.6,"effect",6,6,2,2,7,5,4,5,4,"no","5","counting in your mind, reimagining the sound in your head, tapping along, tapping in fourths in my head, to get a more detailed idea about the time",21,18,0.0583333333333333,0.488932800006296,0.6,"counting in your mind, reimagining the sound in your head, tapping along, tapping in fourths in my head, to get a more detailed idea about the time",9,0.421154611111787,0.360222533335521,0.0609320777762656
"25","1",23,"male","10",2,2.03269929999806,2.2,"baseline",6,6,2,2,7,5,4,5,4,"no","5","counting in your mind, reimagining the sound in your head, tapping along, tapping in fourths in my head, to get a more detailed idea about the time",21,18,0.0583333333333333,0.0326992999980575,0.2,"counting in your mind, reimagining the sound in your head, tapping along, tapping in fourths in my head, to get a more detailed idea about the time",9,0.421154611111787,0.360222533335521,0.0609320777762656
"25","1",23,"male","11",9,8.66150999999809,9,"baseline",6,6,2,2,7,5,4,5,4,"no","5","counting in your mind, reimagining the sound in your head, tapping along, tapping in fourths in my head, to get a more detailed idea about the time",21,18,0.0583333333333333,0.338490000001912,0,"counting in your mind, reimagining the sound in your head, tapping along, tapping in fourths in my head, to get a more detailed idea about the time",9,0.421154611111787,0.360222533335521,0.0609320777762656
"25","1",23,"male","12",4,3.21771360000275,4.1,"baseline",6,6,2,2,7,5,4,5,4,"no","5","counting in your mind, reimagining the sound in your head, tapping along, tapping in fourths in my head, to get a more detailed idea about the time",21,18,0.0583333333333333,0.782286399997247,0.0999999999999996,"counting in your mind, reimagining the sound in your head, tapping along, tapping in fourths in my head, to get a more detailed idea about the time",9,0.421154611111787,0.360222533335521,0.0609320777762656
"26","2",21,"female","1",5,4.34813510000095,6,"baseline",5,7,5,4,7,6,2,2,4,"yes","3","counting in your mind",11,9,0.0366666666666667,0.651864899999055,1,"counting in your mind",1,0.699489822223162,0.219963200002288,0.479526622220874
"26","2",21,"female","2",3,2.63071650000347,4,"baseline",5,7,5,4,7,6,2,2,4,"yes","3","counting in your mind",11,9,0.0366666666666667,0.369283499996527,1,"counting in your mind",1,0.699489822223162,0.219963200002288,0.479526622220874
"26","2",21,"female","3",9,7.94710219999979,10,"baseline",5,7,5,4,7,6,2,2,4,"yes","3","counting in your mind",11,9,0.0366666666666667,1.05289780000021,1,"counting in your mind",1,0.699489822223162,0.219963200002288,0.479526622220874
"26","2",21,"female","4",4,3.41369059999852,5,"baseline",5,7,5,4,7,6,2,2,4,"yes","3","counting in your mind",11,9,0.0366666666666667,0.586309400001483,1,"counting in your mind",1,0.699489822223162,0.219963200002288,0.479526622220874
"26","2",21,"female","5",2,1.58197029999428,3,"baseline",5,7,5,4,7,6,2,2,4,"yes","3","counting in your mind",11,9,0.0366666666666667,0.418029700005718,1,"counting in your mind",1,0.699489822223162,0.219963200002288,0.479526622220874
"26","2",21,"female","6",7,6.42856759999995,9,"baseline",5,7,5,4,7,6,2,2,4,"yes","3","counting in your mind",11,9,0.0366666666666667,0.571432400000049,2,"counting in your mind",1,0.699489822223162,0.219963200002288,0.479526622220874
"26","2",21,"female","7",3,2.99819330000173,4,"effect",5,7,5,4,7,6,2,2,4,"yes","3","counting in your mind",11,9,0.0366666666666667,0.00180669999826932,1,"counting in your mind",1,0.699489822223162,0.219963200002288,0.479526622220874
"26","2",21,"female","8",6,5.76379359999555,7,"effect",5,7,5,4,7,6,2,2,4,"yes","3","counting in your mind",11,9,0.0366666666666667,0.236206400004448,1,"counting in your mind",1,0.699489822223162,0.219963200002288,0.479526622220874
"26","2",21,"female","9",5,4.57812349999585,6,"effect",5,7,5,4,7,6,2,2,4,"yes","3","counting in your mind",11,9,0.0366666666666667,0.421876500004146,1,"counting in your mind",1,0.699489822223162,0.219963200002288,0.479526622220874
"26","2",21,"female","10",2,1.67640440000105,3,"baseline",5,7,5,4,7,6,2,2,4,"yes","3","counting in your mind",11,9,0.0366666666666667,0.323595599998953,1,"counting in your mind",1,0.699489822223162,0.219963200002288,0.479526622220874
"26","2",21,"female","11",9,7.39630889999535,10,"baseline",5,7,5,4,7,6,2,2,4,"yes","3","counting in your mind",11,9,0.0366666666666667,1.60369110000465,1,"counting in your mind",1,0.699489822223162,0.219963200002288,0.479526622220874
"26","2",21,"female","12",4,3.28169599999819,5,"baseline",5,7,5,4,7,6,2,2,4,"yes","3","counting in your mind",11,9,0.0366666666666667,0.718304000001808,1,"counting in your mind",1,0.699489822223162,0.219963200002288,0.479526622220874
"27","3",23,"female","1",5,5.91354769999452,8,"baseline",4,7,5,5,7,7,4,2,1,"no","5","counting in your mind, reimagining the sound in your head",10,8,0.0833333333333333,0.913547699994524,3,"counting in your mind, reimagining the sound in your head",3,0.888828433332997,0.264806299996659,0.624022133336338
"27","3",23,"female","2",3,3.56505959999777,5,"baseline",4,7,5,5,7,7,4,2,1,"no","5","counting in your mind, reimagining the sound in your head",10,8,0.0833333333333333,0.565059599997767,2,"counting in your mind, reimagining the sound in your head",3,0.888828433332997,0.264806299996659,0.624022133336338
"27","3",23,"female","3",9,8.49691760000132,10,"baseline",4,7,5,5,7,7,4,2,1,"no","5","counting in your mind, reimagining the sound in your head",10,8,0.0833333333333333,0.503082399998675,1,"counting in your mind, reimagining the sound in your head",3,0.888828433332997,0.264806299996659,0.624022133336338
"27","3",23,"female","4",4,3.38030379999691,5,"baseline",4,7,5,5,7,7,4,2,1,"no","5","counting in your mind, reimagining the sound in your head",10,8,0.0833333333333333,0.619696200003091,1,"counting in your mind, reimagining the sound in your head",3,0.888828433332997,0.264806299996659,0.624022133336338
"27","3",23,"female","5",2,1.66318489999685,2,"baseline",4,7,5,5,7,7,4,2,1,"no","5","counting in your mind, reimagining the sound in your head",10,8,0.0833333333333333,0.33681510000315,0,"counting in your mind, reimagining the sound in your head",3,0.888828433332997,0.264806299996659,0.624022133336338
"27","3",23,"female","6",7,6.46336800000427,8,"baseline",4,7,5,5,7,7,4,2,1,"no","5","counting in your mind, reimagining the sound in your head",10,8,0.0833333333333333,0.536631999995734,1,"counting in your mind, reimagining the sound in your head",3,0.888828433332997,0.264806299996659,0.624022133336338
"27","3",23,"female","7",3,2.88111860000208,3,"effect",4,7,5,5,7,7,4,2,1,"no","5","counting in your mind, reimagining the sound in your head",10,8,0.0833333333333333,0.118881399997917,0,"counting in your mind, reimagining the sound in your head",3,0.888828433332997,0.264806299996659,0.624022133336338
"27","3",23,"female","8",6,6.34729419999348,4,"effect",4,7,5,5,7,7,4,2,1,"no","5","counting in your mind, reimagining the sound in your head",10,8,0.0833333333333333,0.347294199993485,2,"counting in your mind, reimagining the sound in your head",3,0.888828433332997,0.264806299996659,0.624022133336338
"27","3",23,"female","9",5,5.32824329999858,5,"effect",4,7,5,5,7,7,4,2,1,"no","5","counting in your mind, reimagining the sound in your head",10,8,0.0833333333333333,0.328243299998576,0,"counting in your mind, reimagining the sound in your head",3,0.888828433332997,0.264806299996659,0.624022133336338
"27","3",23,"female","10",2,1.4819223999948,1,"baseline",4,7,5,5,7,7,4,2,1,"no","5","counting in your mind, reimagining the sound in your head",10,8,0.0833333333333333,0.518077600005199,1,"counting in your mind, reimagining the sound in your head",3,0.888828433332997,0.264806299996659,0.624022133336338
"27","3",23,"female","11",9,6.78011530000367,9,"baseline",4,7,5,5,7,7,4,2,1,"no","5","counting in your mind, reimagining the sound in your head",10,8,0.0833333333333333,2.21988469999633,0,"counting in your mind, reimagining the sound in your head",3,0.888828433332997,0.264806299996659,0.624022133336338
"27","3",23,"female","12",4,2.21333939999749,4,"baseline",4,7,5,5,7,7,4,2,1,"no","5","counting in your mind, reimagining the sound in your head",10,8,0.0833333333333333,1.78666060000251,0,"counting in your mind, reimagining the sound in your head",3,0.888828433332997,0.264806299996659,0.624022133336338
"28","1",23,"female","1",5,5.3135626000003,6,"baseline",6,7,6,4,7,6,1,3,7,"no","5","counting in your mind",17,17,0.0472222222222222,0.313562600000296,1,"counting in your mind",1,0.782185677777711,0.976457100000213,0.194271422222502
"28","1",23,"female","2",3,2.04687099999865,3,"baseline",6,7,6,4,7,6,1,3,7,"no","5","counting in your mind",17,17,0.0472222222222222,0.953129000001354,0,"counting in your mind",1,0.782185677777711,0.976457100000213,0.194271422222502
"28","1",23,"female","3",9,8.41291420000198,9,"baseline",6,7,6,4,7,6,1,3,7,"no","5","counting in your mind",17,17,0.0472222222222222,0.587085799998022,0,"counting in your mind",1,0.782185677777711,0.976457100000213,0.194271422222502
"28","1",23,"female","4",4,2.91263179999805,4,"baseline",6,7,6,4,7,6,1,3,7,"no","5","counting in your mind",17,17,0.0472222222222222,1.08736820000195,0,"counting in your mind",1,0.782185677777711,0.976457100000213,0.194271422222502
"28","1",23,"female","5",2,1.48204729999998,2,"baseline",6,7,6,4,7,6,1,3,7,"no","5","counting in your mind",17,17,0.0472222222222222,0.517952700000023,0,"counting in your mind",1,0.782185677777711,0.976457100000213,0.194271422222502
"28","1",23,"female","6",7,5.9106391000023,7,"baseline",6,7,6,4,7,6,1,3,7,"no","5","counting in your mind",17,17,0.0472222222222222,1.0893608999977,0,"counting in your mind",1,0.782185677777711,0.976457100000213,0.194271422222502
"28","1",23,"female","7",3,2.04913800000213,3,"effect",6,7,6,4,7,6,1,3,7,"no","5","counting in your mind",17,17,0.0472222222222222,0.950861999997869,0,"counting in your mind",1,0.782185677777711,0.976457100000213,0.194271422222502
"28","1",23,"female","8",6,4.86202019999473,6,"effect",6,7,6,4,7,6,1,3,7,"no","5","counting in your mind",17,17,0.0472222222222222,1.13797980000527,0,"counting in your mind",1,0.782185677777711,0.976457100000213,0.194271422222502
"28","1",23,"female","9",5,4.1594705000025,6,"effect",6,7,6,4,7,6,1,3,7,"no","5","counting in your mind",17,17,0.0472222222222222,0.840529499997501,1,"counting in your mind",1,0.782185677777711,0.976457100000213,0.194271422222502
"28","1",23,"female","10",2,1.54820479999762,3,"baseline",6,7,6,4,7,6,1,3,7,"no","5","counting in your mind",17,17,0.0472222222222222,0.45179520000238,1,"counting in your mind",1,0.782185677777711,0.976457100000213,0.194271422222502
"28","1",23,"female","11",9,8.44581330000074,9,"baseline",6,7,6,4,7,6,1,3,7,"no","5","counting in your mind",17,17,0.0472222222222222,0.554186699999264,0,"counting in your mind",1,0.782185677777711,0.976457100000213,0.194271422222502
"28","1",23,"female","12",4,2.51477000000159,4,"baseline",6,7,6,4,7,6,1,3,7,"no","5","counting in your mind",17,17,0.0472222222222222,1.48522999999841,0,"counting in your mind",1,0.782185677777711,0.976457100000213,0.194271422222502
"29","2",21,"male","1",5,4.40461249999498,6,"baseline",5,7,7,5,7,2,2,1,6,"no","5","counting in your mind",10,9,0.0333333333333333,0.595387500005018,1,"counting in your mind",1,0.627110011110037,0.331022233333594,0.296087777776443
"29","2",21,"male","2",3,3.43142719999742,4,"baseline",5,7,7,5,7,2,2,1,6,"no","5","counting in your mind",10,9,0.0333333333333333,0.431427199997415,1,"counting in your mind",1,0.627110011110037,0.331022233333594,0.296087777776443
"29","2",21,"male","3",9,8.26416770000651,10,"baseline",5,7,7,5,7,2,2,1,6,"no","5","counting in your mind",10,9,0.0333333333333333,0.73583229999349,1,"counting in your mind",1,0.627110011110037,0.331022233333594,0.296087777776443
"29","2",21,"male","4",4,4.72842359999777,6,"baseline",5,7,7,5,7,2,2,1,6,"no","5","counting in your mind",10,9,0.0333333333333333,0.728423599997768,2,"counting in your mind",1,0.627110011110037,0.331022233333594,0.296087777776443
"29","2",21,"male","5",2,2.32223599999998,3,"baseline",5,7,7,5,7,2,2,1,6,"no","5","counting in your mind",10,9,0.0333333333333333,0.322235999999975,1,"counting in your mind",1,0.627110011110037,0.331022233333594,0.296087777776443
"29","2",21,"male","6",7,6.97370840000076,7,"baseline",5,7,7,5,7,2,2,1,6,"no","5","counting in your mind",10,9,0.0333333333333333,0.0262915999992401,0,"counting in your mind",1,0.627110011110037,0.331022233333594,0.296087777776443
"29","2",21,"male","7",3,3.02273440000135,4,"effect",5,7,7,5,7,2,2,1,6,"no","5","counting in your mind",10,9,0.0333333333333333,0.0227344000013545,1,"counting in your mind",1,0.627110011110037,0.331022233333594,0.296087777776443
"29","2",21,"male","8",6,5.13231520000409,6,"effect",5,7,7,5,7,2,2,1,6,"no","5","counting in your mind",10,9,0.0333333333333333,0.867684799995914,0,"counting in your mind",1,0.627110011110037,0.331022233333594,0.296087777776443
"29","2",21,"male","9",5,4.89735249999649,5,"effect",5,7,7,5,7,2,2,1,6,"no","5","counting in your mind",10,9,0.0333333333333333,0.102647500003513,0,"counting in your mind",1,0.627110011110037,0.331022233333594,0.296087777776443
"29","2",21,"male","10",2,1.53942260000622,2,"baseline",5,7,7,5,7,2,2,1,6,"no","5","counting in your mind",10,9,0.0333333333333333,0.460577399993781,0,"counting in your mind",1,0.627110011110037,0.331022233333594,0.296087777776443
"29","2",21,"male","11",9,6.77224859999842,8,"baseline",5,7,7,5,7,2,2,1,6,"no","5","counting in your mind",10,9,0.0333333333333333,2.22775140000158,1,"counting in your mind",1,0.627110011110037,0.331022233333594,0.296087777776443
"29","2",21,"male","12",4,4.11606310000207,5,"baseline",5,7,7,5,7,2,2,1,6,"no","5","counting in your mind",10,9,0.0333333333333333,0.116063100002066,1,"counting in your mind",1,0.627110011110037,0.331022233333594,0.296087777776443
"3","3",19,"female","1",5,4.79471960000228,7,"baseline",5,6,3,2,6,4,3,1,4,"no","100","tapping along",12,12,0.1,0.205280399997719,2,"tapping along",10,0.435010211112159,0.757009300000694,0.321999088888535
"3","3",19,"female","2",3,3.34739149999223,4,"baseline",5,6,3,2,6,4,3,1,4,"no","100","tapping along",12,12,0.1,0.347391499992227,1,"tapping along",10,0.435010211112159,0.757009300000694,0.321999088888535
"3","3",19,"female","3",9,9.39357350001228,9,"baseline",5,6,3,2,6,4,3,1,4,"no","100","tapping along",12,12,0.1,0.39357350001228,0,"tapping along",10,0.435010211112159,0.757009300000694,0.321999088888535
"3","3",19,"female","4",4,4.54369620000944,5,"baseline",5,6,3,2,6,4,3,1,4,"no","100","tapping along",12,12,0.1,0.543696200009435,1,"tapping along",10,0.435010211112159,0.757009300000694,0.321999088888535
"3","3",19,"female","5",2,2.99712040000304,3,"baseline",5,6,3,2,6,4,3,1,4,"no","100","tapping along",12,12,0.1,0.997120400003041,1,"tapping along",10,0.435010211112159,0.757009300000694,0.321999088888535
"3","3",19,"female","6",7,6.87880549998954,7,"baseline",5,6,3,2,6,4,3,1,4,"no","100","tapping along",12,12,0.1,0.121194500010461,0,"tapping along",10,0.435010211112159,0.757009300000694,0.321999088888535
"3","3",19,"female","7",3,3.81552989999182,4,"effect",5,6,3,2,6,4,3,1,4,"no","100","tapping along",12,12,0.1,0.815529899991816,1,"tapping along",10,0.435010211112159,0.757009300000694,0.321999088888535
"3","3",19,"female","8",6,6.6771604000096,6,"effect",5,6,3,2,6,4,3,1,4,"no","100","tapping along",12,12,0.1,0.677160400009598,0,"tapping along",10,0.435010211112159,0.757009300000694,0.321999088888535
"3","3",19,"female","9",5,5.77833760000067,5,"effect",5,6,3,2,6,4,3,1,4,"no","100","tapping along",12,12,0.1,0.778337600000668,0,"tapping along",10,0.435010211112159,0.757009300000694,0.321999088888535
"3","3",19,"female","10",2,2.38002229999984,3,"baseline",5,6,3,2,6,4,3,1,4,"no","100","tapping along",12,12,0.1,0.380022299999837,1,"tapping along",10,0.435010211112159,0.757009300000694,0.321999088888535
"3","3",19,"female","11",9,9.26102209999226,8,"baseline",5,6,3,2,6,4,3,1,4,"no","100","tapping along",12,12,0.1,0.26102209999226,1,"tapping along",10,0.435010211112159,0.757009300000694,0.321999088888535
"3","3",19,"female","12",4,4.66579099999217,4,"baseline",5,6,3,2,6,4,3,1,4,"no","100","tapping along",12,12,0.1,0.665790999992169,0,"tapping along",10,0.435010211112159,0.757009300000694,0.321999088888535
"30","3",22,"female","1",5,5.09560919999785,6.3,"baseline",6,7,4,2,6,7,1,1,6,"no","3","counting in your mind",11,11,0.0916666666666667,0.0956091999978526,1.3,"counting in your mind",1,0.361056088888694,2.09690266666682,1.73584657777812
"30","3",22,"female","2",3,2.99877589999232,4,"baseline",6,7,4,2,6,7,1,1,6,"no","3","counting in your mind",11,11,0.0916666666666667,0.00122410000767559,1,"counting in your mind",1,0.361056088888694,2.09690266666682,1.73584657777812
"30","3",22,"female","3",9,8.46303880000778,9.2,"baseline",6,7,4,2,6,7,1,1,6,"no","3","counting in your mind",11,11,0.0916666666666667,0.53696119999222,0.199999999999999,"counting in your mind",1,0.361056088888694,2.09690266666682,1.73584657777812
"30","3",22,"female","4",4,3.2803930999944,4.5,"baseline",6,7,4,2,6,7,1,1,6,"no","3","counting in your mind",11,11,0.0916666666666667,0.719606900005601,0.5,"counting in your mind",1,0.361056088888694,2.09690266666682,1.73584657777812
"30","3",22,"female","5",2,1.7813848000078,2.7,"baseline",6,7,4,2,6,7,1,1,6,"no","3","counting in your mind",11,11,0.0916666666666667,0.2186151999922,0.7,"counting in your mind",1,0.361056088888694,2.09690266666682,1.73584657777812
"30","3",22,"female","6",7,6.54779769999732,7.1,"baseline",6,7,4,2,6,7,1,1,6,"no","3","counting in your mind",11,11,0.0916666666666667,0.452202300002682,0.0999999999999996,"counting in your mind",1,0.361056088888694,2.09690266666682,1.73584657777812
"30","3",22,"female","7",3,2.97965979999572,4.2,"effect",6,7,4,2,6,7,1,1,6,"no","3","counting in your mind",11,11,0.0916666666666667,0.0203402000042843,1.2,"counting in your mind",1,0.361056088888694,2.09690266666682,1.73584657777812
"30","3",22,"female","8",6,0.166208299997379,6.3,"effect",6,7,4,2,6,7,1,1,6,"no","3","counting in your mind",11,11,0.0916666666666667,5.83379170000262,0.3,"counting in your mind",1,0.361056088888694,2.09690266666682,1.73584657777812
"30","3",22,"female","9",5,4.56342390000646,5.3,"effect",6,7,4,2,6,7,1,1,6,"no","3","counting in your mind",11,11,0.0916666666666667,0.436576099993545,0.3,"counting in your mind",1,0.361056088888694,2.09690266666682,1.73584657777812
"30","3",22,"female","10",2,1.62983210000675,2.6,"baseline",6,7,4,2,6,7,1,1,6,"no","3","counting in your mind",11,11,0.0916666666666667,0.370167899993248,0.6,"counting in your mind",1,0.361056088888694,2.09690266666682,1.73584657777812
"30","3",22,"female","11",9,8.24695749999955,8.8,"baseline",6,7,4,2,6,7,1,1,6,"no","3","counting in your mind",11,11,0.0916666666666667,0.753042500000447,0.199999999999999,"counting in your mind",1,0.361056088888694,2.09690266666682,1.73584657777812
"30","3",22,"female","12",4,3.89792449999368,5,"baseline",6,7,4,2,6,7,1,1,6,"no","3","counting in your mind",11,11,0.0916666666666667,0.102075500006322,1,"counting in your mind",1,0.361056088888694,2.09690266666682,1.73584657777812
"4","1",21,"male","1",5,5.84389220000594,6,"baseline",6,7,5,2,7,7,3,1,6,"no","3","counting in your mind",16,16,0.0444444444444444,0.843892200005939,1,"counting in your mind",1,0.447940555553133,0.239084400003776,0.208856155549357
"4","1",21,"male","2",3,2.5463679000095,3,"baseline",6,7,5,2,7,7,3,1,6,"no","3","counting in your mind",16,16,0.0444444444444444,0.4536320999905,0,"counting in your mind",1,0.447940555553133,0.239084400003776,0.208856155549357
"4","1",21,"male","3",9,8.6948618000024,9,"baseline",6,7,5,2,7,7,3,1,6,"no","3","counting in your mind",16,16,0.0444444444444444,0.3051381999976,0,"counting in your mind",1,0.447940555553133,0.239084400003776,0.208856155549357
"4","1",21,"male","4",4,4.45983680000063,5,"baseline",6,7,5,2,7,7,3,1,6,"no","3","counting in your mind",16,16,0.0444444444444444,0.45983680000063,1,"counting in your mind",1,0.447940555553133,0.239084400003776,0.208856155549357
"4","1",21,"male","5",2,1.79700400000729,2,"baseline",6,7,5,2,7,7,3,1,6,"no","3","counting in your mind",16,16,0.0444444444444444,0.202995999992709,0,"counting in your mind",1,0.447940555553133,0.239084400003776,0.208856155549357
"4","1",21,"male","6",7,6.79529660000117,7,"baseline",6,7,5,2,7,7,3,1,6,"no","3","counting in your mind",16,16,0.0444444444444444,0.204703399998834,0,"counting in your mind",1,0.447940555553133,0.239084400003776,0.208856155549357
"4","1",21,"male","7",3,2.71445429998857,4,"effect",6,7,5,2,7,7,3,1,6,"no","3","counting in your mind",16,16,0.0444444444444444,0.285545700011426,1,"counting in your mind",1,0.447940555553133,0.239084400003776,0.208856155549357
"4","1",21,"male","8",6,6.09524399999646,7,"effect",6,7,5,2,7,7,3,1,6,"no","3","counting in your mind",16,16,0.0444444444444444,0.0952439999964554,1,"counting in your mind",1,0.447940555553133,0.239084400003776,0.208856155549357
"4","1",21,"male","9",5,4.66353649999655,5,"effect",6,7,5,2,7,7,3,1,6,"no","3","counting in your mind",16,16,0.0444444444444444,0.336463500003447,0,"counting in your mind",1,0.447940555553133,0.239084400003776,0.208856155549357
"4","1",21,"male","10",2,1.73077960000955,2,"baseline",6,7,5,2,7,7,3,1,6,"no","3","counting in your mind",16,16,0.0444444444444444,0.269220399990445,0,"counting in your mind",1,0.447940555553133,0.239084400003776,0.208856155549357
"4","1",21,"male","11",9,8.36035200000333,8,"baseline",6,7,5,2,7,7,3,1,6,"no","3","counting in your mind",16,16,0.0444444444444444,0.639647999996669,1,"counting in your mind",1,0.447940555553133,0.239084400003776,0.208856155549357
"4","1",21,"male","12",4,3.34760209999513,4,"baseline",6,7,5,2,7,7,3,1,6,"no","3","counting in your mind",16,16,0.0444444444444444,0.652397900004871,0,"counting in your mind",1,0.447940555553133,0.239084400003776,0.208856155549357
"5","2",20,"female","1",5,5.09529837586185,10,"baseline",2,6,5,4,5,4,5,2,2,"no","3","counting in your mind",13,13,0.0433333333333333,0.0952983758618533,5,"counting in your mind",1,1.02001737509275,1.02059213332541,0.000574758232659844
"5","2",20,"female","2",3,4.93086379999295,6,"baseline",2,6,5,4,5,4,5,2,2,"no","3","counting in your mind",13,13,0.0433333333333333,1.93086379999295,3,"counting in your mind",1,1.02001737509275,1.02059213332541,0.000574758232659844
"5","2",20,"female","3",9,11.6101242000004,12,"baseline",2,6,5,4,5,4,5,2,2,"no","3","counting in your mind",13,13,0.0433333333333333,2.61012420000043,3,"counting in your mind",1,1.02001737509275,1.02059213332541,0.000574758232659844
"5","2",20,"female","4",4,4.72870999999577,5,"baseline",2,6,5,4,5,4,5,2,2,"no","3","counting in your mind",13,13,0.0433333333333333,0.728709999995772,1,"counting in your mind",1,1.02001737509275,1.02059213332541,0.000574758232659844
"5","2",20,"female","5",2,2.79651139999623,3,"baseline",2,6,5,4,5,4,5,2,2,"no","3","counting in your mind",13,13,0.0433333333333333,0.796511399996234,1,"counting in your mind",1,1.02001737509275,1.02059213332541,0.000574758232659844
"5","2",20,"female","6",7,6.81341850000899,8,"baseline",2,6,5,4,5,4,5,2,2,"no","3","counting in your mind",13,13,0.0433333333333333,0.186581499991007,1,"counting in your mind",1,1.02001737509275,1.02059213332541,0.000574758232659844
"5","2",20,"female","7",3,4.46432209998602,4,"effect",2,6,5,4,5,4,5,2,2,"no","3","counting in your mind",13,13,0.0433333333333333,1.46432209998602,1,"counting in your mind",1,1.02001737509275,1.02059213332541,0.000574758232659844
"5","2",20,"female","8",6,7.51054459999432,8,"effect",2,6,5,4,5,4,5,2,2,"no","3","counting in your mind",13,13,0.0433333333333333,1.51054459999432,2,"counting in your mind",1,1.02001737509275,1.02059213332541,0.000574758232659844
"5","2",20,"female","9",5,4.91309030000411,5,"effect",2,6,5,4,5,4,5,2,2,"no","3","counting in your mind",13,13,0.0433333333333333,0.0869096999958856,0,"counting in your mind",1,1.02001737509275,1.02059213332541,0.000574758232659844
"5","2",20,"female","10",2,2.36410700000124,2,"baseline",2,6,5,4,5,4,5,2,2,"no","3","counting in your mind",13,13,0.0433333333333333,0.364107000001241,0,"counting in your mind",1,1.02001737509275,1.02059213332541,0.000574758232659844
"5","2",20,"female","11",9,7.76226880001195,9,"baseline",2,6,5,4,5,4,5,2,2,"no","3","counting in your mind",13,13,0.0433333333333333,1.23773119998805,0,"counting in your mind",1,1.02001737509275,1.02059213332541,0.000574758232659844
"5","2",20,"female","12",4,5.23022890000721,5,"baseline",2,6,5,4,5,4,5,2,2,"no","3","counting in your mind",13,13,0.0433333333333333,1.23022890000721,1,"counting in your mind",1,1.02001737509275,1.02059213332541,0.000574758232659844
"6","3",22,"female","1",5,5.66459169999871,8,"baseline",5,7,3,4,6,7,1,5,6,"no","3","counting in your mind",12,10,0.1,0.664591699998709,3,"counting in your mind",1,0.917913977779487,1.28485529999792,0.366941322218433
"6","3",22,"female","2",3,3.49836759999744,5,"baseline",5,7,3,4,6,7,1,5,6,"no","3","counting in your mind",12,10,0.1,0.498367599997437,2,"counting in your mind",1,0.917913977779487,1.28485529999792,0.366941322218433
"6","3",22,"female","3",9,8.54662049999752,12,"baseline",5,7,3,4,6,7,1,5,6,"no","3","counting in your mind",12,10,0.1,0.453379500002484,3,"counting in your mind",1,0.917913977779487,1.28485529999792,0.366941322218433
"6","3",22,"female","4",4,3.9145079000009,5,"baseline",5,7,3,4,6,7,1,5,6,"no","3","counting in your mind",12,10,0.1,0.0854920999991009,1,"counting in your mind",1,0.917913977779487,1.28485529999792,0.366941322218433
"6","3",22,"female","5",2,1.46575659999507,3,"baseline",5,7,3,4,6,7,1,5,6,"no","3","counting in your mind",12,10,0.1,0.534243400004925,1,"counting in your mind",1,0.917913977779487,1.28485529999792,0.366941322218433
"6","3",22,"female","6",7,5.76425069999823,8,"baseline",5,7,3,4,6,7,1,5,6,"no","3","counting in your mind",12,10,0.1,1.23574930000177,1,"counting in your mind",1,0.917913977779487,1.28485529999792,0.366941322218433
"6","3",22,"female","7",3,1.53219689999241,4,"effect",5,7,3,4,6,7,1,5,6,"no","3","counting in your mind",12,10,0.1,1.46780310000759,1,"counting in your mind",1,0.917913977779487,1.28485529999792,0.366941322218433
"6","3",22,"female","8",6,4.28128000001016,8,"effect",5,7,3,4,6,7,1,5,6,"no","3","counting in your mind",12,10,0.1,1.71871999998984,2,"counting in your mind",1,0.917913977779487,1.28485529999792,0.366941322218433
"6","3",22,"female","9",5,4.33195720000367,7,"effect",5,7,3,4,6,7,1,5,6,"no","3","counting in your mind",12,10,0.1,0.668042799996329,2,"counting in your mind",1,0.917913977779487,1.28485529999792,0.366941322218433
"6","3",22,"female","10",2,1.61551189998863,3,"baseline",5,7,3,4,6,7,1,5,6,"no","3","counting in your mind",12,10,0.1,0.384488100011367,1,"counting in your mind",1,0.917913977779487,1.28485529999792,0.366941322218433
"6","3",22,"female","11",9,4.96410050000122,7,"baseline",5,7,3,4,6,7,1,5,6,"no","3","counting in your mind",12,10,0.1,4.03589949999878,2,"counting in your mind",1,0.917913977779487,1.28485529999792,0.366941322218433
"6","3",22,"female","12",4,3.63098539999919,6,"baseline",5,7,3,4,6,7,1,5,6,"no","3","counting in your mind",12,10,0.1,0.36901460000081,2,"counting in your mind",1,0.917913977779487,1.28485529999792,0.366941322218433
"7","1",18,"other","1",5,5.86374950000027,5,"baseline",4,6,5,3,5,5,3,2,6,"no","5","counting in your mind, tapping along",12,10,0.0333333333333333,0.863749500000267,0,"counting in your mind, tapping along",7,0.6920855777765,0.817792333327816,0.125706755551315
"7","1",18,"other","2",3,3.31542499999341,4,"baseline",4,6,5,3,5,5,3,2,6,"no","5","counting in your mind, tapping along",12,10,0.0333333333333333,0.315424999993411,1,"counting in your mind, tapping along",7,0.6920855777765,0.817792333327816,0.125706755551315
"7","1",18,"other","3",9,8.27953620000335,8,"baseline",4,6,5,3,5,5,3,2,6,"no","5","counting in your mind, tapping along",12,10,0.0333333333333333,0.720463799996651,1,"counting in your mind, tapping along",7,0.6920855777765,0.817792333327816,0.125706755551315
"7","1",18,"other","4",4,3.23273899999913,4,"baseline",4,6,5,3,5,5,3,2,6,"no","5","counting in your mind, tapping along",12,10,0.0333333333333333,0.767261000000872,0,"counting in your mind, tapping along",7,0.6920855777765,0.817792333327816,0.125706755551315
"7","1",18,"other","5",2,1.38222150001093,2,"baseline",4,6,5,3,5,5,3,2,6,"no","5","counting in your mind, tapping along",12,10,0.0333333333333333,0.617778499989072,0,"counting in your mind, tapping along",7,0.6920855777765,0.817792333327816,0.125706755551315
"7","1",18,"other","6",7,5.84693329999573,5,"baseline",4,6,5,3,5,5,3,2,6,"no","5","counting in your mind, tapping along",12,10,0.0333333333333333,1.15306670000427,2,"counting in your mind, tapping along",7,0.6920855777765,0.817792333327816,0.125706755551315
"7","1",18,"other","7",3,4.16548309999052,5,"effect",4,6,5,3,5,5,3,2,6,"no","5","counting in your mind, tapping along",12,10,0.0333333333333333,1.16548309999052,2,"counting in your mind, tapping along",7,0.6920855777765,0.817792333327816,0.125706755551315
"7","1",18,"other","8",6,4.84775520001131,6,"effect",4,6,5,3,5,5,3,2,6,"no","5","counting in your mind, tapping along",12,10,0.0333333333333333,1.15224479998869,0,"counting in your mind, tapping along",7,0.6920855777765,0.817792333327816,0.125706755551315
"7","1",18,"other","9",5,4.86435089999577,5,"effect",4,6,5,3,5,5,3,2,6,"no","5","counting in your mind, tapping along",12,10,0.0333333333333333,0.13564910000423,0,"counting in your mind, tapping along",7,0.6920855777765,0.817792333327816,0.125706755551315
"7","1",18,"other","10",2,1.4983607000031,2,"baseline",4,6,5,3,5,5,3,2,6,"no","5","counting in your mind, tapping along",12,10,0.0333333333333333,0.501639299996896,0,"counting in your mind, tapping along",7,0.6920855777765,0.817792333327816,0.125706755551315
"7","1",18,"other","11",9,8.32869359999313,7,"baseline",4,6,5,3,5,5,3,2,6,"no","5","counting in your mind, tapping along",12,10,0.0333333333333333,0.67130640000687,2,"counting in your mind, tapping along",7,0.6920855777765,0.817792333327816,0.125706755551315
"7","1",18,"other","12",4,3.38191999999981,3,"baseline",4,6,5,3,5,5,3,2,6,"no","5","counting in your mind, tapping along",12,10,0.0333333333333333,0.618080000000191,1,"counting in your mind, tapping along",7,0.6920855777765,0.817792333327816,0.125706755551315
"8","2",21,"male","1",5,5.24729749999824,7,"baseline",3,5,2,3,6,4,1,1,5,"no","4","counting in your mind",11,9,0.0366666666666667,0.24729749999824,2,"counting in your mind",1,0.437921455551987,0.323488833334219,0.114432622217767
"8","2",21,"male","2",3,2.64856549999968,3,"baseline",3,5,2,3,6,4,1,1,5,"no","4","counting in your mind",11,9,0.0366666666666667,0.351434500000323,0,"counting in your mind",1,0.437921455551987,0.323488833334219,0.114432622217767
"8","2",21,"male","3",9,9.49510309999459,12,"baseline",3,5,2,3,6,4,1,1,5,"no","4","counting in your mind",11,9,0.0366666666666667,0.495103099994594,3,"counting in your mind",1,0.437921455551987,0.323488833334219,0.114432622217767
"8","2",21,"male","4",4,3.53154650000215,5,"baseline",3,5,2,3,6,4,1,1,5,"no","4","counting in your mind",11,9,0.0366666666666667,0.46845349999785,1,"counting in your mind",1,0.437921455551987,0.323488833334219,0.114432622217767
"8","2",21,"male","5",2,1.41561130000628,2,"baseline",3,5,2,3,6,4,1,1,5,"no","4","counting in your mind",11,9,0.0366666666666667,0.584388699993724,0,"counting in your mind",1,0.437921455551987,0.323488833334219,0.114432622217767
"8","2",21,"male","6",7,7.08036169999104,8,"baseline",3,5,2,3,6,4,1,1,5,"no","4","counting in your mind",11,9,0.0366666666666667,0.0803616999910446,1,"counting in your mind",1,0.437921455551987,0.323488833334219,0.114432622217767
"8","2",21,"male","7",3,3.26487080000516,5,"effect",3,5,2,3,6,4,1,1,5,"no","4","counting in your mind",11,9,0.0366666666666667,0.264870800005156,2,"counting in your mind",1,0.437921455551987,0.323488833334219,0.114432622217767
"8","2",21,"male","8",6,5.59691910000402,7,"effect",3,5,2,3,6,4,1,1,5,"no","4","counting in your mind",11,9,0.0366666666666667,0.403080899995985,1,"counting in your mind",1,0.437921455551987,0.323488833334219,0.114432622217767
"8","2",21,"male","9",5,4.69748519999848,6,"effect",3,5,2,3,6,4,1,1,5,"no","4","counting in your mind",11,9,0.0366666666666667,0.302514800001518,1,"counting in your mind",1,0.437921455551987,0.323488833334219,0.114432622217767
"8","2",21,"male","10",2,1.39958450000267,2,"baseline",3,5,2,3,6,4,1,1,5,"no","4","counting in your mind",11,9,0.0366666666666667,0.600415499997325,0,"counting in your mind",1,0.437921455551987,0.323488833334219,0.114432622217767
"8","2",21,"male","11",9,9.22926399999415,12,"baseline",3,5,2,3,6,4,1,1,5,"no","4","counting in your mind",11,9,0.0366666666666667,0.229263999994146,3,"counting in your mind",1,0.437921455551987,0.323488833334219,0.114432622217767
"8","2",21,"male","12",4,3.11542539999937,5,"baseline",3,5,2,3,6,4,1,1,5,"no","4","counting in your mind",11,9,0.0366666666666667,0.884574600000633,1,"counting in your mind",1,0.437921455551987,0.323488833334219,0.114432622217767
"9","3",23,"female","1",5,5.19769180000003,5,"baseline",5,7,5,5,6,6,2,1,4,"no","3","counting in your mind, followed my heart beat",13,13,0.108333333333333,0.19769180000003,0,"counting in your mind, followed my heart beat",11,0.577498355557004,0.572597799997311,0.00490055555969271
"9","3",23,"female","2",3,2.31559359999665,3,"baseline",5,7,5,5,6,6,2,1,4,"no","3","counting in your mind, followed my heart beat",13,13,0.108333333333333,0.684406400003354,0,"counting in your mind, followed my heart beat",11,0.577498355557004,0.572597799997311,0.00490055555969271
"9","3",23,"female","3",9,8.22977160000301,8,"baseline",5,7,5,5,6,6,2,1,4,"no","3","counting in your mind, followed my heart beat",13,13,0.108333333333333,0.770228399996995,1,"counting in your mind, followed my heart beat",11,0.577498355557004,0.572597799997311,0.00490055555969271
"9","3",23,"female","4",4,3.11516250000568,4,"baseline",5,7,5,5,6,6,2,1,4,"no","3","counting in your mind, followed my heart beat",13,13,0.108333333333333,0.884837499994319,0,"counting in your mind, followed my heart beat",11,0.577498355557004,0.572597799997311,0.00490055555969271
"9","3",23,"female","5",2,1.59871540000313,2,"baseline",5,7,5,5,6,6,2,1,4,"no","3","counting in your mind, followed my heart beat",13,13,0.108333333333333,0.40128459999687,0,"counting in your mind, followed my heart beat",11,0.577498355557004,0.572597799997311,0.00490055555969271
"9","3",23,"female","6",7,6.72996509999211,7,"baseline",5,7,5,5,6,6,2,1,4,"no","3","counting in your mind, followed my heart beat",13,13,0.108333333333333,0.270034900007886,0,"counting in your mind, followed my heart beat",11,0.577498355557004,0.572597799997311,0.00490055555969271
"9","3",23,"female","7",3,3.66463499999372,4,"effect",5,7,5,5,6,6,2,1,4,"no","3","counting in your mind, followed my heart beat",13,13,0.108333333333333,0.664634999993723,1,"counting in your mind, followed my heart beat",11,0.577498355557004,0.572597799997311,0.00490055555969271
"9","3",23,"female","8",6,4.96487660000275,5,"effect",5,7,5,5,6,6,2,1,4,"no","3","counting in your mind, followed my heart beat",13,13,0.108333333333333,1.03512339999725,1,"counting in your mind, followed my heart beat",11,0.577498355557004,0.572597799997311,0.00490055555969271
"9","3",23,"female","9",5,4.98196499999904,5,"effect",5,7,5,5,6,6,2,1,4,"no","3","counting in your mind, followed my heart beat",13,13,0.108333333333333,0.0180350000009639,0,"counting in your mind, followed my heart beat",11,0.577498355557004,0.572597799997311,0.00490055555969271
"9","3",23,"female","10",2,1.26577450000332,2,"baseline",5,7,5,5,6,6,2,1,4,"no","3","counting in your mind, followed my heart beat",13,13,0.108333333333333,0.734225499996683,0,"counting in your mind, followed my heart beat",11,0.577498355557004,0.572597799997311,0.00490055555969271
"9","3",23,"female","11",9,8.31317329999001,8,"baseline",5,7,5,5,6,6,2,1,4,"no","3","counting in your mind, followed my heart beat",13,13,0.108333333333333,0.686826700009988,1,"counting in your mind, followed my heart beat",11,0.577498355557004,0.572597799997311,0.00490055555969271
"9","3",23,"female","12",4,3.43205059999309,4,"baseline",5,7,5,5,6,6,2,1,4,"no","3","counting in your mind, followed my heart beat",13,13,0.108333333333333,0.56794940000691,0,"counting in your mind, followed my heart beat",11,0.577498355557004,0.572597799997311,0.00490055555969271
